Image_Location,Image_From,Image_BaseName,GV_Success,GV_Safe_Adult,GV_Safe_Spoof,GV_Safe_Medical,GV_Safe_Violence,GV_Safe_Racy,GV_Face_Joy,GV_Face_Sorrow,GV_Face_Anger,GV_Face_Surprise,GV_Face_UnderExposed,GV_Face_Blurred,GV_Face_Headwear,GV_Face_Score,GV_Label_Descriptions,GV_Label_Ids,GV_Label_Scores,GV_Logo_Descriptions,GV_Logo_Ids,GV_Logo_Scores,GV_Landmark_Descriptions,GV_Landmark_Ids,GV_Landmark_Scores,GV_Text,GV_Web_Entity_Descriptions,GV_Web_Entity_Ids,GV_Web_Entity_Scores,GV_Web_BestGuessLabels,GV_Web_FullMatchingImages,GV_Web_PagesWithFullMatchingImages,GV_Web_PartialMatchingImages,GV_Web_VisuallySimilarImages,GV_Error
/Users/dna4/Downloads/Conan The Covers/items/f7c1682c4b48c33c3fd5ad2d034f617a.jpg,Local,f7c1682c4b48c33c3fd5ad2d034f617a.jpg,True,Possible,VeryUnlikely,Unlikely,Unlikely,VeryLikely,,,,,,,,,Muscle; Human body; Publication; Poster; Thigh; Advertising; Font; Abdomen; Book cover; Fiction,/m/04_fs; /m/02p0tk3; /m/01h1dd; /m/01n5jq; /m/01j04m; /m/011s0; /m/03gq5hm; /m/08y7p8; /m/09xbm8; /m/02xlf,0.9159281; 0.8866907; 0.8801839; 0.85153824; 0.78256494; 0.71565515; 0.6734078; 0.6721879; 0.6642646; 0.65919775,,,,,,,"Weird
DEC. 25c
THE HOUR OF THE DRAGON
a vivid weird story of
a thousand eery thrills
by ROBERT E. HOWARD
استان را
Paul Ernst Clark Ashton Smith
Edmond Hamilton Harold Ward
Bunday's",Margaret Brundage; The Hour of the Dragon; Weird Tales; Conan the Barbarian; Novel; Narrative; Pulp magazine; Book; Sword and sorcery; Fantasy,/m/0bjdyg; /m/06_bbz; /m/01dnsz; /m/01z02; /m/05hgj; /m/01lyjl; /m/05qr3; /m/0bt_c3; /m/0dz8b; /g/11fldtx0nc,8.292; 1.44885; 0.7166; 0.71325; 0.6087; 0.589; 0.57; 0.5567; 0.547; 0.5328,hour of the dragon weird tales,http://wordsenvisioned.com/wp-content/uploads/2019/05/Weird-Tales-1935-12-1.jpg ; https://64.media.tumblr.com/8f5dd7d69c5bb4bd0f90605534d35e07/tumblr_ph9j42yD7p1r18mzfo1_1280.jpg ; https://upload.wikimedia.org/wikipedia/commons/thumb/b/b4/Weird_Tales_December_1935.jpg/1280px-Weird_Tales_December_1935.jpg ; http://2.bp.blogspot.com/_S0S1gI7hrUE/TNCSNbnXagI/AAAAAAAAAPc/TJTohbc-gBE/s1600/wtdec35b.jpg ; https://pulpcovers.com/wp-content/uploads/2010/12/19260108-wtdec35b.jpg ; https://lookaside.instagram.com/seo/google_widget/crawler/?media_id=3124625466530841329 ; http://2.bp.blogspot.com/-J3aJREXvzUI/VY6U1aKT9vI/AAAAAAAARQM/LQ7cVdQf2UA/s1600/weird%2Btales.jpg ; https://upload.wikimedia.org/wikipedia/commons/thumb/f/f5/Weird_Tales_1935-12_-_The_Hour_of_the_Dragon.jpg/800px-Weird_Tales_1935-12_-_The_Hour_of_the_Dragon.jpg ; https://i2.wp.com/darkworldsquarterly.gwthomas.org/wp-content/uploads/2019/11/24-1.jpg?fit=706%2C1024 ; https://goodman-games.com/tftms/wp-content/uploads/sites/7/2021/08/weird-tales-december-35-706x1024.jpg,https://en.wikipedia.org/wiki/The_Hour_of_the_Dragon ; https://www.gutenberg.org/files/42243/42243-h/42243-h.htm ; https://en.wikisource.org/wiki/The_Hour_of_the_Dragon ; https://commons.wikimedia.org/wiki/File:Weird_Tales_1935-12_-_The_Hour_of_the_Dragon.jpg ; https://en.wikipedia.org/wiki/Robert_E._Howard ; https://commons.wikimedia.org/wiki/File:Weird_Tales_December_1935.jpg ; https://tellersofweirdtales.blogspot.com/2014/12/skulls-and-skeletons-on-cover-of-weird.html ; https://www.blackgate.com/2019/04/29/hither-came-conan-ryan-harvey-on-hour-of-the-dragon/ ; https://garystockbridge617.getarchive.net/amp/media/weird-tales-1935-12-the-hour-of-the-dragon-f84e69 ; https://en.wikipedia.org/wiki/Robert_E._Howard_bibliography,,https://d3525k1ryd2155.cloudfront.net/h/944/544/913544944.0.x.jpg ; https://pictures.abebooks.com/inventory/md/md22674587323.jpg ; https://bookstruck100.github.io/images/28c9e5be-82f7-41f0-b189-5d1474be61c4.webp ; https://dyn1.heritagestatic.com/lf?set=path%5B1%2F5%2F6%2F5%2F0%2F15650112%5D%2Csizedata%5B850x600%5D&call=url%5Bfile%3Aproduct.chain%5D ; https://www.lacasebooks.com/wp-content/uploads/2023/01/The-Hour-of-the-Dragon-Vintage-01-300x300.jpeg ; https://images.audacy2-prod.ext.audacy.com/2bd38b24-1fbe-4aeb-8fb6-bfb905bda6fe.jpg ; https://upload.wikimedia.org/wikipedia/commons/thumb/b/bc/Weird_Tales_May_1934.jpg/404px-Weird_Tales_May_1934.jpg ; https://prod-bb-images.akamaized.net/book-covers/coverimage-4066338087546-bookwire-2022-04-14t02-14.jpg?w=400 ; https://www.gutenberg.org/files/42243/42243-h/images/cover4.jpg ; https://pulpcovers.com/wp-content/uploads/2012/10/Weird-Tales-1936-January-600x905.jpg,
/Users/dna4/Downloads/Conan The Covers/items/e309a9fe0fe0a95d3c775a461824959d.jpg,Local,e309a9fe0fe0a95d3c775a461824959d.jpg,True,VeryUnlikely,VeryUnlikely,VeryUnlikely,Unlikely,VeryUnlikely,,,,,,,,,Book; Publication; World; Poster; Book cover; Art; Mountain; Illustration; Landscape; Action film,/m/0bt_c3; /m/01h1dd; /m/09nm_; /m/01n5jq; /m/09xbm8; /m/0jjw; /m/09d_r; /m/01kr8f; /m/025s3q0; /m/02kdv5l,0.9170631; 0.8639796; 0.8201437; 0.81332296; 0.71555614; 0.70332783; 0.6821918; 0.67243326; 0.6647909; 0.6595169,University of Connecticut,/m/01jsn5,0.5598453,,,,"ROBERT E. HOWARD, L. SPRAGUE DE CAMP and LIN CARTER
THE MIGHTY BARBARIAN IN HIS BLAZE OF YOUTH
BRAVES DARK WEIRD DEMONS IN TIME-LOST LANDS
CONAN
OF CIMMERIA
GLANCER BOOKS 75-072 95
Al",The Lair of the Ice Worm; Conan of Cimmeria; Conan the Barbarian; Fiction; Pulp magazine; 1969; Hardboiled; Lancer Books; Paperback; Paperback Warrior,/m/07k7lp3; /m/0gs0n1; /m/01z02; /m/02xlf; /m/05qr3; /g/11b77dhv_s; /m/03xj9g; /m/0g456x; /m/01jm4n; /g/11fmdxq4qb,1.41435; 0.9117; 0.77294993; 0.69939613; 0.5258; 0.5124; 0.477; 0.4658; 0.4519; 0.4302,poster,https://blogger.googleusercontent.com/img/b/R29vZ2xl/AVvXsEhXw3bWE1R2yaZh031iNewlkwLa1Z1qeIxCKVGb6_cz0L_VbXJJpKXVnU9EyrKoVnjQMgbQ7nBnu06eV4y73mgswUIXFP-j187qezXw7ftQ97oFnRPNHFi4drbngL5C7E7D9kaY5CmrJFQzTZ-nz4mDus2BKMj46mnBiYpHFnSu52vQFSwe0sx_LCrf/s1023/Lair%20of%20the%20Ice%20Worm.JPG ; https://pbs.twimg.com/media/FsoDutbWwAAvdHq?format=jpg&name=medium,https://twitter.com/paprbackwarrior?lang=en ; http://www.paperbackwarrior.com/2023/04/ ; http://www.paperbackwarrior.com/2023/04/conan-lair-of-ice-worm.html,,https://parlorofhorror.files.wordpress.com/2014/08/tintorera-tintorera-tiger-shark-1977-poster-1.jpg ; https://media-cache.cinematerial.com/p/500x/hrgjaqpz/deep-valley-movie-poster.jpg?v=1456061267 ; https://cdn.teeuni.com/wp-content/uploads/2022/10/fishing-room-prints-old-man-with-fishing-rod-vintage-poster.jpg ; https://www.filmpostergallery.co.nz/wp-content/uploads/2022/08/Star-Crash-Belgium-Movie-Poster-5.jpg ; https://pm-antiques.co.uk/wp-content/uploads/imported/1/WHITE-CHRISTMAS-1954-ORIGINAL-US-INSERT-FILM-MOVIE-CINEMA-POSTER-BING-CROSBY-184377545731-600x1521.jpg.webp ; https://sothebys-md.brightspotcdn.com/dims4/default/41e59f7/2147483647/strip/true/crop/808x2000+0+0/resize/385x953!/quality/90/?url=http%3A%2F%2Fsothebys-brightspot.s3.amazonaws.com%2Fmedia-desk%2F75%2Fee%2F1eac72ab4e77845ca33899f0e28b%2Fl19985-b9yp3-01.jpg ; https://filmartgallery.com/cdn/shop/products/On-Her-Majestys-Secret-Service-Vintage-Movie-Poster-Original-Japanese-1-panel-20x29-2335_800x.progressive.jpg?v=1666900869 ; https://i.ebayimg.com/images/g/bE0AAOSw~XVhn-fW/s-l1200.webp ; https://c8.alamy.com/comp/2GGDC3K/click-on-vintage-american-horse-show-poster-buffalo-bills-wild-west-cowboys-of-the-prairie-1905-2GGDC3K.jpg ; https://cdn8.picryl.com/photo/2016/05/16/aux-buttes-chaumont-f8f7e8-1024.jpg,
/Users/dna4/Downloads/Conan The Covers/items/75bf2bbc46b8b9cb9bebf06f3d9ce6f1.jpg,Local,75bf2bbc46b8b9cb9bebf06f3d9ce6f1.jpg,True,Possible,VeryUnlikely,Unlikely,VeryUnlikely,VeryLikely,,,,,,,,,Human; Art; Cg artwork; Poster; Font; Illustration; Fictional character; Advertising; Publication; Thigh,/m/0dgw9r; /m/0jjw; /m/02tx1k; /m/01n5jq; /m/03gq5hm; /m/01kr8f; /m/02h7lkt; /m/011s0; /m/01h1dd; /m/01j04m,0.8905227; 0.83181846; 0.78469574; 0.7589688; 0.7529893; 0.7270448; 0.7100321; 0.69781494; 0.6840621; 0.6807187,,,,,,,"""...and lo, a mighty warrior
shall come from the frozen
wastelands of the north, and he
will stand alone against the
forces of darkness...""
The Book of Death
DADDARIANT
DARDANIA
00199 00 06000
DADDADIAN
00100 00 00340
Actual screen shots from
the Spectrum
5 013518 010589
PALACE SOFTWARE",Barbarian: The Ultimate Warrior; Barbarian II: The Dungeon of Drax; ZX Spectrum; ; Cover art; Art; back; front; 1987; Album cover,/m/04fnvv; /m/05pc56n; /m/089b9; /t/21vq7mhwrfsty; /m/07c24q; /m/0jjw; /g/11sh29wrc9; /g/11sh1g9y8w; /g/11b77qrp3c; /m/067408,1.6488451; 0.66924006; 0.6677; 0.4888; 0.4433; 0.4124417; 0.3854; 0.384; 0.3819; 0.3712212,album cover,https://www.oldgames.sk/images/oldgames/action/Barbarian/Covers/barbarian-the-ultimate-warrior-spectrum-box-back.jpg,https://online.oldgames.sk/play/spectrum/barbarian-the-ultimate-warrior/5103 ; https://www.oldgames.sk/game/1943-the-battle-of-midway/download/10030/,,https://images.squarespace-cdn.com/content/v1/59c30d95cd39c3022223a161/1644014229974-JEHUUOROL617BU0788JO/Neil%2BFinn%2B-%2BShe%2BWill%2BHave%2BHer%2BWay%2B-%2B5%2522%2BCD%2BSINGLE-125548.jpg ; https://promptsideas.b-cdn.net/prompts/1462/EOC2i_BMj9_62bBEus4Q.png ; https://preview.redd.it/sara-ali-khan-feet-v0-m4fzyb75ny3b1.jpg?width=640&crop=smart&auto=webp&s=fd74657641121f0f5a93b391ea0f1501d88a0ffa ; https://m.media-amazon.com/images/M/MV5BODMxMGZjMjctYjVmYy00ODdhLWI5NmMtMGM5N2U4MWUxNTNiXkEyXkFqcGdeQXVyODEyNjEwMDk@._V1_FMjpg_UX1000_.jpg ; http://2.bp.blogspot.com/-K_3Vl466pzY/Wtw2aYO20fI/AAAAAAAAncI/EymJZZgKKw8M2_2V3U9e-p-z4N5rw_rvACK4BGAYYCw/s1600/Am%2BI%2BWrong%2B%2528feat.%2BScHoolboy%2BQ%2529%2B-%2BSingle.jpg ; https://resizing.flixster.com/ACEniiVueXh9_JvM1JSzxyXQ_ME=/300x300/v2/https://flxt.tmsimg.com/assets/p171983_p_v10_aa.jpg ; https://assets.lastdodo.com/image/ld_large/plain/assets/catalog/assets/2021/12/21/c/d/1/pdf_cd11ca28-6260-11ec-8505-e6a568b976e5.jpg ; https://m.media-amazon.com/images/M/MV5BZjc3YTg5OTEtZTc4Zi00YTM2LTgxNzctYzBmZTFiMjNjOGY0XkEyXkFqcGdeQXVyNTYxNzkwODM@._V1_.jpg ; https://i.ytimg.com/vi/Qrt_BK_cIwE/oar2.jpg?sqp=-oaymwEVCJUDENAFSFryq4qpAwcIARUAAIhC&rs=AOn4CLBi3ZBhdpDt0CN1X4Y74cVz_CJb9Q ; https://moviepooper.com/wp-content/uploads/2022/09/MV5BZGViM2E0MjktZTdlNy00Y2M0LThlN2UtZThkZGNlMWIyMmY1XkEyXkFqcGdeQXVyNjQ2MjQ5NzM@._V1_SX300-204x350_c.jpg,
/Users/dna4/Downloads/Conan The Covers/items/11704786af2bff7bc0e48bac3ff3c904.jpg,Local,11704786af2bff7bc0e48bac3ff3c904.jpg,True,Unlikely,VeryUnlikely,VeryUnlikely,Unlikely,Likely,,,,,,,,,Muscle; Publication; Poster; Organism; Book; Movie; Comic book; Thigh; Illustration; Book cover,/m/04_fs; /m/01h1dd; /m/01n5jq; /m/05nnm; /m/0bt_c3; /m/02vxn; /m/01vnb; /m/01j04m; /m/01kr8f; /m/09xbm8,0.92137915; 0.8951892; 0.8686316; 0.86368454; 0.8101806; 0.7986161; 0.7928394; 0.78740346; 0.7403066; 0.72422534,Bryan College,/m/05cj27,0.5964147,,,,"BARBARIAN
The Ultimate Warrior
SPECTRUM 48K + 2 compatible
FREE
POSTER
INSIDE",Barbarian: The Ultimate Warrior; Barbarian II: The Dungeon of Drax; Barbarian; Fighting game; Commodore 64; ; Palace Software; ZX Spectrum; Atari ST; Amiga,/m/04fnvv; /m/05pc56n; /m/0d5912; /m/07yr3; /m/0228q; /t/21vq7mhwrfsty; /m/05z4_9; /m/089b9; /m/0x35; /m/0vvw,1.6483501; 0.82021505; 0.8019; 0.7056; 0.7022; 0.6903; 0.682; 0.6345; 0.5583; 0.546,barbarian the ultimate warrior,https://www.lemon64.com/assets/images/games/covers/large/barbarian_(palace_software)_01.jpg ; https://images.launchbox-app.com/37a55300-56d5-47df-9759-8b26989d2c6e.jpg ; https://www.dumpclub64.it/wp-content/uploads/2022/12/Barbarian-1-1002x1024.jpg ; https://m.media-amazon.com/images/M/MV5BYmViMjU4ZjItZTI3ZC00NzM0LWFjMWEtMmMyNmViZDU0MzAzXkEyXkFqcGdeQXVyMTk5NDI0MA@@._V1_.jpg ; https://cdn.mobygames.com/covers/2200658-death-sword-zx-spectrum-front-cover.jpg ; https://s.uvlist.net/l/y2013/03/106969.jpg ; https://www.oldgames.sk/images/oldgames/action/Barbarian/Covers/barbarian-the-ultimate-warrior-spectrum-box-front.jpg ; https://i0.wp.com/www.memoriabit.com.br/wp-content/uploads/2016/03/Maria-Whittaker.jpg?resize=696%2C722&ssl=1 ; https://www.musee-des-jeux-video.com/fr/boxart/Atari%20ST/1016-Barbarian.jpg ; https://cdn.gamekult.com/images/photos/00/00/99/25/ME0000992521_2.jpg,https://www.imdb.com/title/tt12351028/ ; https://www.lemon64.com/game/barbarian-the-ultimate-warrior ; https://amiga.abime.net/34 ; https://www.imdb.com/title/tt12351028/mediaindex/ ; https://online.oldgames.sk/play/spectrum/barbarian-the-ultimate-warrior/5103 ; https://www.mobygames.com/game/1033/death-sword/ ; https://www.imdb.com/title/tt0955226/ ; https://gamesdb.launchbox-app.com/games/images/28382-barbarian-the-ultimate-warrior ; https://www.uvlist.net/game-46258-Barbarian+The+Ultimate+Warrior ; https://lacienciadelcafe.com.ar/orion-rxb-125cc//barbarian-the-ultimate-warrior-kixx-commodore-64-pp-74081095,,https://static.tvtropes.org/pmwiki/pub/images/barbarian1_8230.jpg ; https://m.media-amazon.com/images/M/MV5BYmViMjU4ZjItZTI3ZC00NzM0LWFjMWEtMmMyNmViZDU0MzAzXkEyXkFqcGdeQXVyMTk5NDI0MA@@._V1_.jpg ; https://i0.wp.com/www.gggames.se/wp-content/uploads/2014/06/6384-1.jpg?fit=678%2C703&ssl=1 ; https://carlosnightman.files.wordpress.com/2013/10/barbarian.jpg?w=158 ; https://uvejuegos.com/img/caratulas/36284/barby-GG.jpg ; http://3.bp.blogspot.com/-exStOXEHPpQ/VJ4plNDz3oI/AAAAAAAASSc/x50eR3uXKkw/s1600/26306_front.jpg ; https://pbs.twimg.com/media/FQU_pFfVQAAHwTs?format=jpg&name=large ; https://cpcrulez.fr/f/v/7t7x.jpg ; https://static.romspedia.com/webp/roms/thumbs/barbarian-the-ultimate-warrior-thumb.webp ; https://images.launchbox-app.com/1872fc7b-ac61-4613-a706-3ebdd7de0e30.jpg,
/Users/dna4/Downloads/Conan The Covers/items/5f1ad80377622a5a45833e8749072215.jpg,Local,5f1ad80377622a5a45833e8749072215.jpg,True,VeryUnlikely,VeryUnlikely,VeryUnlikely,VeryUnlikely,VeryUnlikely,,,,,,,,,Poster; Font; Monarch; Happy; Book cover; Conquistador; Illustration; Advertising; Fiction; Costume design,/m/01n5jq; /m/03gq5hm; /m/04syw; /m/016pp7; /m/09xbm8; /m/0jgcl; /m/01kr8f; /m/011s0; /m/02xlf; /m/04s5jq,0.81553257; 0.7516773; 0.6984241; 0.6656973; 0.6229109; 0.6192376; 0.6185755; 0.5927863; 0.5838902; 0.58103174,,,,,,,"conan
the BARBARIAN
Q
000
BY
ROBERT E. howard
EMSH-",Conan the Barbarian; The Devil in Iron; Conan the Barbarian; Black Colossus; A Witch Shall be Born; Shadows in the Moonlight; Sword and sorcery; Comic book; Fantasy; Conan,/m/026shwd; /m/06_dny; /m/01z02; /m/06_dgh; /m/06_bfr; /m/06_dnl; /m/0dz8b; /m/01vnb; /g/11fldtx0nc; /m/0dmm8q,1.0572; 1.0566; 1.01385; 0.90224993; 0.86010003; 0.78885; 0.6317; 0.6235; 0.5888; 0.5235,conan the barbarian 1955 collection,https://pbs.twimg.com/media/Fx6GZogaEAAPRrd.jpg ; http://4.bp.blogspot.com/-BBDIlgQjINw/VQz5XiN9yNI/AAAAAAAAJPg/-eb9P2eUcp8/s1600/barbarian.jpg ; https://img.extmovie.com/files/attach/images/174/414/860/756c8a5722e29d3380cfa713a553f4dc.jpg ; https://static.wikia.nocookie.net/conan/images/d/d6/Conan_the_Barbarian_%28Gnome%29.jpg/revision/latest/scale-to-width-down/360?cb=20060302125655 ; https://static.wikia.nocookie.net/conan/images/d/d6/Conan_the_Barbarian_%28Gnome%29.jpg/revision/latest?cb=20060302125655 ; http://3.bp.blogspot.com/_wOTkWCBWP0s/TSYk03pXZ0I/AAAAAAAADBY/bh0zF4WxPFY/s1600/c668.jpg ; https://i.stack.imgur.com/La4zt.jpg ; https://cdn.quotesgram.com/small/48/27/293456500-6610620.jpg ; https://s3.us-east-2.amazonaws.com/fanboy.planet/wp-content/uploads/Conan-the-Barbarian-original-hardback-cover.jpg ; https://images-na.ssl-images-amazon.com/images/S/compressed.photo.goodreads.com/books/1320516780i/6610620.jpg,https://en.wikipedia.org/wiki/Conan_the_Barbarian_(1955_collection) ; https://www.wikiwand.com/en/Conan_the_Barbarian_(1955_collection) ; https://www.colegiogradual.com.br/christian-symbolism-in-robert-howard-s-first-%E2%80%9Cconan-the-rr-JpeNpehk ; https://www.gabasons.com/index.php?k=christian-symbolism-in-robert-howard-s-first-%E2%80%9Cconan-the-cc-3pqlpqFw ; https://wikimili.com/en/Conan_the_Barbarian_%281955_collection%29 ; https://www.goodreads.com/en/book/show/6610620 ; https://conan.fandom.com/wiki/Conan_the_Barbarian_(Gnome) ; https://designottoboni.com.br/pin-on-my-books-a-cover-gallery-dd-XbLABPuO ; https://litrpgreads.com/blog/rpg-legends-conan ; https://fanboyplanet.com/conan-the-barbarian-conquers-titan/,,,
/Users/dna4/Downloads/Conan The Covers/items/4ff6c0f243d03520d45ecbf4640d6958.jpg,Local,4ff6c0f243d03520d45ecbf4640d6958.jpg,True,Unlikely,VeryUnlikely,Unlikely,Unlikely,VeryLikely,,,,,,,,,Poster; Organism; Art; Publication; Illustration; Font; Advertising; Mythology; Jungle; Fiction,/m/01n5jq; /m/05nnm; /m/0jjw; /m/01h1dd; /m/01kr8f; /m/03gq5hm; /m/011s0; /m/04zhd; /m/01y3fy; /m/02xlf,0.8697684; 0.8632699; 0.7968704; 0.7936435; 0.7428672; 0.69675606; 0.6850897; 0.678304; 0.6774955; 0.64313173,,,,,,,"BARBARIAN T
PALACE
WUSS",Barbarian: The Ultimate Warrior; Comics; Album cover; Poster; Art; Mythology; Album; Barbarian; Maria Whittaker,/m/04fnvv; /m/012h24; /m/067408; /m/01n5jq; /m/0jjw; /m/04zhd; /m/02lx2r; /g/122h5gxc; /m/08tl2s,0.49054503; 0.44191253; 0.4051821; 0.40457088; 0.36511412; 0.33492264; 0.3017; 0.08146; 0.06363,maria whittaker barbarian,,,,"https://upload.wikimedia.org/wikipedia/en/9/9d/Barbarain_II_cover_art.jpg ; https://i.imgur.com/19IYLjn.jpg ; https://m.media-amazon.com/images/M/MV5BYmNmODRjZGYtODc1OS00NWE5LTk1ZWEtZWI4ZTA4YWMwNjA5XkEyXkFqcGdeQXVyMDc1Njk5MA@@._V1_.jpg ; https://www.oldgames.sk/images/posters/Barbarian2-poster-640.jpg ; https://cdn.thegamesdb.net/images/original/boxart/front/42258-1.jpg ; https://m.media-amazon.com/images/M/MV5BYmViMjU4ZjItZTI3ZC00NzM0LWFjMWEtMmMyNmViZDU0MzAzXkEyXkFqcGdeQXVyMTk5NDI0MA@@._V1_UX200_CR0,0,200,200_AL_.jpg ; https://gangeekstyle.com/wp-content/uploads/2015/03/maria_whittaker-barbarian3.jpg ; https://www.elspectrumhoy.es/wp-content/uploads/2017/06/barbarian_cover.jpg ; https://computeremuzone.com/fichas/b/BarbarianII-a.jpg ; https://alchetron.com/cdn/barbarian-ii-the-dungeon-of-drax-6f1a3a51-73a4-4dee-ac22-8976e3c45aa-resize-750.jpeg",
/Users/dna4/Downloads/Conan The Covers/items/9e5255ddefddc56480874cff0504dc6b.jpg,Local,9e5255ddefddc56480874cff0504dc6b.jpg,True,VeryUnlikely,VeryUnlikely,VeryUnlikely,Possible,VeryUnlikely,,,,,,,,,Publication; Book; Poster; Book cover; Fictional character; Action film; Font; Comic book; Event; Hero,/m/01h1dd; /m/0bt_c3; /m/01n5jq; /m/09xbm8; /m/02h7lkt; /m/02kdv5l; /m/03gq5hm; /m/01vnb; /m/081pkj; /m/03kll,0.8456419; 0.7870861; 0.78127474; 0.7274163; 0.7162922; 0.7114436; 0.7113931; 0.6831373; 0.6580358; 0.63458407,University of Connecticut,/m/01jsn5,0.60556453,,,,"LANCER BOOKS 73-572 60¢ VOLUME THREE OF THE COMPLETE CONAN
•
ROBERT E. HOWARD edited by L. SPRAGUE DE CAMP
""HOWARD'S ONLY BOOK-LENGTH NOVEL. WORTHY
TO STAND BESIDE SUCH HEROIC FANTASY AS
E. R. EDDISON AND J. R. R. TOLKIEN."" D
CONAN
THE CONQUEROR
*","Epiphone Adam Jones Les Paul Custom Art Collection; Gibson Adam Jones Les Paul Standard; Epiphone Adam Jones Les Paul Custom Art Collection Julie Heffernan; Epiphone Adam Jones Art Collection Les Paul Custom; Epiphone; Guitar; Electric Guitar; ; Gibson Brands, Inc.; Tool",/g/11v0k90tyh; /g/11kpvj8qf9; /g/11tsvm4hw9; /g/11kqf3t0f5; /g/1ym_19_6v; /m/0342h; /m/02sgy; /t/210m7gb2y_l2f; /m/01chbr; /m/07m7k,0.80410004; 0.79783005; 0.79156005; 0.76956; 0.7155; 0.7092; 0.7068; 0.6299; 0.6299; 0.6031,adam jones guitar art,http://1.bp.blogspot.com/-91Lv06p66O8/VcWVdR8INAI/AAAAAAAA4y0/LZRQr5w4HZ0/s1600/000con.jpg ; https://qph.cf2.quoracdn.net/main-qimg-55d59732efe587b3c04731fd625f601d-lq ; https://darkermagazine.ru/uploads/files_elfinder/2016/01/Art/Ikonanograph/12.jpg ; https://pbs.twimg.com/media/EpPqemrUwAMISdb.jpg ; https://i.pinimg.com/736x/8d/48/69/8d48698d59db9bf446d236ba6dcd714a.jpg ; https://pbs.twimg.com/media/Fg1Cl4kWIAM9f2h.jpg:small,https://www.mvz-scharnweberstrasse.de/anfahrt/?k=epiphone-adam-jones-les-paul-custom-art-collection-electric-zz-BbD4QXt1 ; https://guitar.com/news/gear-news/epiphone-adam-jones-art-collection-frazetta-the-berserker/ ; http://vivaclinica.com.br/?i=epiphone-adam-jones-les-paul-custom-art-collection-julie-qq-b4mnedI3 ; https://biancabez.com.br/?e=epiphone-adam-jones-les-paul-custom-art-collection-frazetta-qq-KYqPp4Ie ; https://henkoo.com.br/?k=epiphone-adam-jones-les-paul-custom-art-collection-julie-tt-8dg9MvH1 ; https://azlift.az/?q=epiphone-adam-jones-les-paul-custom-art-collection-mark-ff-Q3VZaPiE ; https://guitar.com/artists/adam-jones/ ; https://henkoo.com.br/?k=epiphone-adam-jones-les-paul-custom-art-collection-frazetta-tt-MzLE98he ; https://isvouga.pt/thrbs.aspx?iid=336901051&cid=123 ; https://www.hhd.or.jp/epiphone-adam-jones-les-paul-custom-art-collection-frazetta-ll-W8J0kDCK,https://live.staticflickr.com/2930/14539427835_b1298451b1_b.jpg ; https://live.staticflickr.com/2930/14539427835_b1298451b1_c.jpg ; https://i.pinimg.com/236x/a0/3e/af/a03eaf35d6cdb63e3e303f7561a686b1--frank-frazetta-conan.jpg ; https://spraguedecampfan.files.wordpress.com/2022/05/81998.jpg?w=505 ; https://cirithungol.org/wp-content/uploads/2015/06/Conan-Conqueror-No-9.jpg ; https://pbs.twimg.com/media/Fu_tRIfXwAcq_t8.jpg ; https://i.redd.it/xlseuo1svnn21.jpg ; https://lookaside.instagram.com/seo/google_widget/crawler/?media_id=3093737626364555162 ; https://i.pinimg.com/236x/95/4c/af/954caf0df209baed32d59e3742b3c058--fantasy-books-fantasy-art.jpg ; https://i0.wp.com/galacticjourney.org/images/680120conan.jpg?w=474&ssl=1,"https://lookaside.fbsbx.com/lookaside/crawler/media/?media_id=2867002473339478 ; https://external-preview.redd.it/lateralus-second-solo-adam-jones-rehearsal-video-version-v0-7FuqWzhcMOOJAVBQQW-eobL7-_f70IyKmMntG5e1ri0.png?width=640&crop=smart&format=pjpg&auto=webp&s=17481e3c47076425b3d2267a875c253c9db66075 ; https://preview.redd.it/adam-jones-les-paul-custom-arrived-today-v0-388dlr6qj05a1.jpg?width=640&crop=smart&auto=webp&s=dbf1dbee6f4b91c98ae955a15553e7a51ed83eac ; https://www.picclickimg.com/gZ0AAOSwZKdhiDVd/Guitar-World-Magazine-Jun-2013-Megadeth-Alice-In.webp ; https://www.chesterfieldobserver.com/wp-content/uploads/images/2021-01-20/1p2.jpg ; https://www.picclickimg.com/YMkAAOSwsWlejwV3/2006-Guitar-World-Magazine-Megadeth-Buried-Alive-in.webp ; https://render.fineartamerica.com/images/rendered/medium/greeting-card/images/artworkimages/medium/3/adam-jones-painting-acher-acher-creative.jpg?&targetx=0&targety=0&imagewidth=500&imageheight=700&modelwidth=500&modelheight=700&backgroundcolor=A76363&orientation=1 ; https://preview.redd.it/adam-jones-les-paul-custom-arrived-today-v0-l9a4le4qj05a1.jpg?width=640&crop=smart&auto=webp&s=d03972accc7feb63f17c032813ef6bb851ac03a8 ; https://images.reverb.com/image/upload/s--kEEI2Lym--/f_auto,t_large/v1640209270/khkg9vjop2cnnc0msxst.jpg ; https://i.redd.it/adam-jones-les-paul-custom-arrived-today-v0-l2uie39qj05a1.jpg?width=1868&format=pjpg&auto=webp&s=f1397fe89587e146dd1d4f654a15e06e441be975",
/Users/dna4/Downloads/Conan The Covers/items/8fd960dbdcb85c7b3e4e792f02448363.jpg,Local,8fd960dbdcb85c7b3e4e792f02448363.jpg,True,VeryUnlikely,VeryUnlikely,VeryUnlikely,Unlikely,VeryUnlikely,,,,,,,,,Publication; Poster; Book; Font; Book cover; Fictional character; Movie; Terrestrial animal; Action film; Art,/m/01h1dd; /m/01n5jq; /m/0bt_c3; /m/03gq5hm; /m/09xbm8; /m/02h7lkt; /m/02vxn; /m/0fbf1m; /m/02kdv5l; /m/0jjw,0.83560073; 0.822751; 0.8201564; 0.76635975; 0.7102608; 0.6969415; 0.6602471; 0.6463599; 0.64620787; 0.6295767,Latin American Wings,/g/11bxfrq4dl,0.60319006,,,,"LANCER BOOKS 73-599 60¢ VOLUME FOUR OF THE COMPLETE CONAN
ROBERT E. HOWARD and L. SPRAGUE DE CAMP
SWORDSMEN AND SORCERERS, DEMONS AND DOOMS-
GREAT TALES OF THE MIGHTIEST ADVENTURER...
CONAN
THE USURPER",Conan the Usurper; The God in the Bowl; Poster; Cover art; Fantasy; Book Cover; Science fiction; Book; Art; Comic book,/m/0gt0_2; /m/06_bjx; /m/01n5jq; /m/07c24q; /g/11fldtx0nc; /m/09xbm8; /m/06n90; /m/0bt_c3; /m/0jjw; /m/01vnb,0.9984; 0.79365003; 0.73327917; 0.7094; 0.7028; 0.6784; 0.6687; 0.5997; 0.592; 0.5863,frank frazetta book cover,https://www.2dgalleries.com/images/articles/contentimgs/9100a22eb7395c09b5510d8aba2256ad.jpg ; https://i.pinimg.com/originals/74/00/3b/74003b41a1ced8630063d510112afe97.jpg ; https://pulpcovers.com/wp-content/uploads/2012/01/14352788320_3c14c79354_o.jpg ; https://i.pinimg.com/736x/74/00/3b/74003b41a1ced8630063d510112afe97.jpg ; https://live.staticflickr.com/5578/14352788320_0039f230f4_b.jpg ; https://i.pinimg.com/1200x/94/ab/7f/94ab7f39f187a9b442d8872b8bb1f1fc.jpg ; https://i.pinimg.com/736x/38/c7/c7/38c7c798bd52a678f949f4adb579d1c7.jpg ; https://live.staticflickr.com/5578/14352788320_0039f230f4_c.jpg,"https://colegiogradual.com.br/cap-n-s-comics-conan-by-frank-frazetta-fantasy-rr-AreWApH0 ; https://www.pinterest.com/pin/frank-frazetta--859906122578843207/ ; https://www.flickr.com/photos/57440551@N03/14352788320 ; https://www.pinterest.com/pin/710020697490475074/ ; https://cdn.wp-modula.com/client/q_lossless,ret_img/http:/shining.homes/frank-frazetta-conan-covers ; https://pulpcovers.com/tag/frankfrazetta/page/2/ ; https://pulpcovers.com/2014/06/ ; https://pulpcovers.com/tag/robertehoward/page/3/ ; https://pulpcovers.com/conan-the-usurper/ ; https://pulpcovers.com/tag/fantasy/page/7/",,"https://i.pinimg.com/736x/da/3f/f2/da3ff2c427f1c781b9d95f09733cf046--frank-frazetta-book-covers.jpg ; https://raggedclawsnetwork.files.wordpress.com/2009/03/frank-frazetta_-_the-solar-invasion_popular-library-nd.jpg ; https://goodman-games.com/tftms/wp-content/uploads/sites/7/2021/08/lancer-conantheadventurer.jpg ; https://static.wikia.nocookie.net/conan/images/7/71/Frank-frazetta-book-04-conan-the-usurper.jpg/revision/latest/scale-to-width-down/250?cb=20161026155201 ; https://i.pinimg.com/1200x/ae/b3/a3/aeb3a32b8dcda771b47a1f920b70b2cc.jpg ; https://d1466nnw0ex81e.cloudfront.net/n_iv/600/1070313.jpg ; https://m.media-amazon.com/images/I/816G4uanOFL._AC_UF1000,1000_QL80_.jpg ; https://blog.gocollect.com/wp-content/uploads/2018/09/111058_6ff29fe6f75ff5e8e7dc034c70edef91666056ea.jpg ; https://www.previewsworld.com/SiteImage/MainImage/STL262344 ; https://www.budsartbooks.com/wp-content/uploads/2022/04/frazbch-frazetta-book-cover-art-the-definitive-reference.jpg",
/Users/dna4/Downloads/Conan The Covers/items/01cd4910b6bb9094abd8704699f66dda.jpg,Local,01cd4910b6bb9094abd8704699f66dda.jpg,True,VeryUnlikely,VeryUnlikely,VeryUnlikely,Unlikely,VeryUnlikely,,,,,,,,,Book; Publication; Poster; Action film; Book cover; Font; Advertising; Fictional character; Fiction; Illustration,/m/0bt_c3; /m/01h1dd; /m/01n5jq; /m/02kdv5l; /m/09xbm8; /m/03gq5hm; /m/011s0; /m/02h7lkt; /m/02xlf; /m/01kr8f,0.9113681; 0.8739729; 0.8579427; 0.73579943; 0.734405; 0.71314436; 0.69547445; 0.65434974; 0.651225; 0.6450547,Ralph Lauren Corporation; Danisco,/m/04lg33; /m/03mc63,0.7204913; 0.58609116,,,,"LANCER BOOKS
73-526 60
CONAN
THE ADVENTURER
THE WORLD'S
GREATEST FANTASY HERO-
""THE ULTIMATE IN
SWASHBUCKLING ADVENTURE""
VOLUME ONE OF THE
COMPLETE CONAN
ROBERT E. HOWARD and L. SPRAGUE DE CAMP",Conan the Adventurer; Conan the Barbarian; Cover art; Frazetta Girls; Art; Fantasy; Artist; Painting; 1966; Sword and sorcery,/m/0gsgjn; /m/01z02; /m/07c24q; /g/11fv60r2qh; /m/0jjw; /g/11fldtx0nc; /m/0n1h; /m/05qdh; /g/11b77d6b63; /m/0dz8b,1.13265; 0.7641; 0.6655; 0.5766; 0.5392; 0.5155; 0.4799; 0.462; 0.4552; 0.4512,frank frazetta conan the adventurer,https://pulpcovers.com/wp-content/uploads/2012/01/14539434635_ea7488eae9_o.jpg ; https://external-preview.redd.it/QiX_H5SBnLz8I-UeUomdxv05vg5YZ7IFixFn7w3XXLM.jpg?auto=webp&s=847e22b81f82635ddef2febbdd925ac3eb981624 ; https://i0.wp.com/galacticjourney.org/wordpress/wp-content/uploads/2022/01/14539434635_ea7488eae9_o-scaled.jpg?fit=1512%2C2560 ; http://galacticjourney.org/wordpress/wp-content/uploads/2022/01/14539434635_ea7488eae9_o-scaled.jpg ; https://1.bp.blogspot.com/-yyrYIWcSeG8/YW4CrjrOQ8I/AAAAAAAAEwU/SUyDLvKwWnoujiOeVV79gbFM3PPmT8-zQCLcBGAsYHQ/s2048/conan%2B.jpg ; https://roleplus.app/img/usuarios/ada48884915/l.8215810287d.jpeg ; https://img.over-blog-kiwi.com/1/40/36/17/20190127/ob_04a53d_conan-the-adventurer.jpg ; https://pbs.twimg.com/media/EpPqemqUwAEWXpg.jpg ; http://4.bp.blogspot.com/-ti4UPxrRLqU/VDEp88_1ieI/AAAAAAAAI6s/CRL6C8gwIw0/s1600/Conan%2Bthe%2BAdventurer.jpg ; https://www.muddycolors.com/wp-content/uploads/2017/12/6c9bf-lancer_conan-the-adventurer.jpg,https://en.wikipedia.org/wiki/Conan_the_Adventurer_(short_story_collection) ; https://www.ebay.com/itm/304935604151 ; https://www.frazettagirls.com/blogs/news/frank-frazetta-a-howard-artist-for-the-ages ; https://www.ebay.com/itm/304515497701 ; http://capnscomics.blogspot.com/2015/03/new-conan-adventurer-by-frank-frazetta.html ; https://www.frazettagirls.com/blogs/news/frazetta-king-of-paint-chapter-3-1965-1966 ; http://capnscomics.blogspot.com/2015/08/conan-adventurer-by-frank-frazetta.html ; http://galacticjourney.org/the-return-of-the-cimmerian-conan-the-adventurer-by-robert-e-howard/ ; https://spraguedecampfan.wordpress.com/tag/frank-frazetta/ ; https://pulpcovers.com/conan-the-adventurer/,https://i.imgur.com/6DFwCsI.jpeg ; https://i.pinimg.com/236x/26/71/fd/2671fdbf330889185e13b337c149dedc--frazetta-frank-robert-e-howard.jpg ; https://pic1.zhimg.com/v2-2f6eefd49aa37287e89d54ac092a9178_b.jpg ; https://pic1.zhimg.com/80/v2-2f6eefd49aa37287e89d54ac092a9178_1440w.webp ; https://i.pinimg.com/170x/26/71/fd/2671fdbf330889185e13b337c149dedc.jpg ; https://lookaside.fbsbx.com/lookaside/crawler/media/?media_id=2852912738082806 ; http://www.jimzub.com/wp-content/uploads/2023/05/FantasyInfluences1.jpg ; http://1.bp.blogspot.com/-jYxPo9rqx3Y/VRSf4M-6JuI/AAAAAAAA2FM/JC18RtMx3yw/s1600/Image%2B(2)%2B(1).jpg ; https://pic1.zhimg.com/80/v2-cc13d7457eff11b23b1a8f58b0f65f1c_1440w.webp ; https://i0.wp.com/galacticjourney.org/wordpress/wp-content/uploads/2021/11/MLO2247.jpg?resize=383%2C640,https://i.ebayimg.com/thumbs/images/g/UM4AAOSwJItkpIht/s-l640.jpg ; https://adventurehouse.com/shop/wp-content/uploads/2020/02/78-22997.jpg ; http://2.bp.blogspot.com/-yBFRSFrBrfA/TaT3C3PUaFI/AAAAAAABQrY/LXfslmeh6sE/s1600/01_conan_adventurer_fritz.jpg ; https://i.pinimg.com/236x/26/71/fd/2671fdbf330889185e13b337c149dedc--frazetta-frank-robert-e-howard.jpg ; https://d3525k1ryd2155.cloudfront.net/f/751/116/9780441116751.OL.0.m.jpg ; https://2.bp.blogspot.com/-rLPAkR7J_Bs/UvbFr3j0YmI/AAAAAAAAFYA/smJj3U4jVjY/s1600/Frazetta-04-Conan+the+Usurper.jpg ; https://3.bp.blogspot.com/_XsVALQtGIZM/S-r2bEsmSYI/AAAAAAAAQX8/x30oj9lXMBI/s1600/Sphere-4688+Conan+the+Adventurer.jpg ; https://i.pinimg.com/236x/e9/d9/30/e9d93057b0399d3338d5fb5865f64ff2--top-fantasy-books-fantasy-art.jpg ; https://i.ebayimg.com/images/g/9a8AAOSwYEhikkPV/s-l1600.jpg ; https://littleredreviewer.files.wordpress.com/2014/01/conan-frazetta.jpg,
/Users/dna4/Downloads/Conan The Covers/items/b746358fa34d103dd304cbfa694c517b.jpg,Local,b746358fa34d103dd304cbfa694c517b.jpg,True,VeryUnlikely,VeryUnlikely,VeryUnlikely,Unlikely,Unlikely,,,,,,,,,Publication; Organism; Book; Poster; Font; Book cover; Fictional character; Advertising; Illustration; Fiction,/m/01h1dd; /m/05nnm; /m/0bt_c3; /m/01n5jq; /m/03gq5hm; /m/09xbm8; /m/02h7lkt; /m/011s0; /m/01kr8f; /m/02xlf,0.8671781; 0.85928404; 0.8365757; 0.8302818; 0.7446716; 0.72261506; 0.6778983; 0.66219836; 0.65494204; 0.6242361,White House Black Market,/m/02r3r61,0.6713512,,,,"""Howard's writing seems so highly charged with energy that it nearly gives off sparks.""
-STEPHEN KING
ROBERT E. HOWARD
THE CONQUERING SWORD OF
CONAN
FROM THE MASTER OF HEROIC FANTASY-
FIVE CLASSIC ADVENTURES, INCLUDING THE LEGENDARY
""BEYOND THE BLACK RIVER"" AND ""RED NAILS""
FULLY ILLUSTRATED BY GREG MANCHESS",The Coming of Conan the Cimmerian; The Bloody Crown of Conan; The Conquering Sword of Conan; Conan the Barbarian; The People of the Black Circle; The Scarlet Citadel; The Phoenix on the Sword; The Coming of Conan; The Hour of the Dragon; Conan,/m/0fsrrd; /m/0ft6yt; /m/0ftb60; /m/01z02; /m/06_dpn; /m/06_9_t; /m/06_b2p; /m/026shv0; /m/06_bbz; /m/0275sxk,1.07925; 1.07265; 1.0649999; 0.90900004; 0.84735; 0.8028; 0.77895; 0.71924996; 0.71355; 0.7121,conan books,"https://m.media-amazon.com/images/I/81MoomxPd3L._AC_UF1000,1000_QL80_.jpg ; https://images-na.ssl-images-amazon.com/images/I/81MoomxPd3L._AC_UL900_SR615,900_.jpg ; https://images.squarespace-cdn.com/content/v1/523dee8ee4b0c59776ef8c3a/1508426588691-8BWUC36A529DDHGGY817/conquering+sword+of+conan+howard.jpg?format=500w ; https://images.penguinrandomhouse.com/cover/9780345461537 ; https://images.randomhouse.com/cover/9780345461537",https://www.penguinrandomhouse.com/series/A6Y/conan-the-barbarian ; https://www.amazon.com/Coming-Conan-Cimmerian-Original-Adventures/dp/0345461517 ; https://www.amazon.com/ideas/amzn1.account.AE4MXM5TSNUKKWNB7TJAUK47TQ2Q/SWJ44V110A2R ; https://www.amazon.com/Robert-E-Howard/e/B000AP5LHW ; https://www.amazon.com/Conan-Barbarian-Collected-Adventures-Illustrated/dp/1093779705 ; https://www.goodreads.com/shelf/show/conan ; https://www.youtube.com/watch?v=RsUkpm95GMY ; https://www.amazon.co.uk/Complete-Chronicles-Conan-Centenary/dp/0575077662 ; https://www.addall.com/books-in-order/conan-the-barbarian/ ; https://www.thriftbooks.com/series/conan-the-cimmerian/40962/,"https://m.media-amazon.com/images/I/81MoomxPd3L._AC_UF894,1000_QL80_.jpg ; https://img.thriftbooks.com/api/images/i/m/4CE6FC766CCD84AE2B460325492A5C1825D90A9F.jpg ; https://m.media-amazon.com/images/I/51mGWG1PG0L.jpg ; https://images1.penguinrandomhouse.com/cover/9780345486059 ; https://qph.cf2.quoracdn.net/main-qimg-39f571538cc44aa5ac450bba1afc9148-lq ; https://static.wikia.nocookie.net/conan/images/9/9f/The_Conquering_Sword_of_Conan_%28Del_Rey%29.jpg/revision/latest/scale-to-width-down/270?cb=20060304182505 ; https://static.wikia.nocookie.net/conan/images/9/9f/The_Conquering_Sword_of_Conan_%28Del_Rey%29.jpg/revision/latest?cb=20060304182505 ; https://d3bxjxywei423j.cloudfront.net/public/book_picture/size180x280_The%20Conquering%20Sword%20of%20Conan%20-%20Conan%20The%20Cimmerian%2C%20Book%203.jpg ; https://m.media-amazon.com/images/I/51mGWG1PG0L._AC_CR0%2C0%2C0%2C0_SY315_.jpg ; https://images.thalia.media/03/-/93d02c4c9fa24257963017f0cba7db4d/the-conquering-sword-of-conan-taschenbuch-robert-e-howard-englisch.jpeg",http://1.bp.blogspot.com/-NqNra7RUW84/VqEHulyShsI/AAAAAAAAfQs/jLS8EquYsMg/s1600/delrey-conqueringswordofconan.jpg ; https://prodimage.images-bn.com/pimages/9780345461520_p0_v1_s192x300.jpg ; https://m.media-amazon.com/images/I/518v82D+XiL.jpg ; https://spraguedecampfan.files.wordpress.com/2023/06/d3-robert-e.-howard-conan-the-barbarian.jpg?w=347 ; https://m.media-amazon.com/images/I/51FxshIeXXL._SL500_.jpg ; https://images-na.ssl-images-amazon.com/images/S/compressed.photo.goodreads.com/books/1168447880i/33482.jpg ; https://target.scene7.com/is/image/Target/GUEST_8d9ce6e9-6e7e-4dd0-9d34-61f94f8652f2?wid=488&hei=488&fmt=pjpeg ; http://www.howardandrewjones.com/wp-content/uploads/2013/09/conan-books.jpg ; https://img.thriftbooks.com/api/images/m/19205243a3389dfebba8718b7a8b15444ef15bfb.jpg ; https://m.media-amazon.com/images/I/51fvD7oGCtL._SL350_.jpg,
/Users/dna4/Downloads/Conan The Covers/items/f99ba002e357eb5a933605fd9e32528b.jpg,Local,f99ba002e357eb5a933605fd9e32528b.jpg,True,Unlikely,VeryUnlikely,VeryUnlikely,Unlikely,Likely,,,,,,,,,Book; Publication; Poster; Art; Advertising; Book cover; Romance novel; Illustration; Fiction; Painting,/m/0bt_c3; /m/01h1dd; /m/01n5jq; /m/0jjw; /m/011s0; /m/09xbm8; /m/01qxvh; /m/01kr8f; /m/02xlf; /m/05qdh,0.89842016; 0.88508713; 0.82494265; 0.7915067; 0.735046; 0.73364776; 0.72127855; 0.6763917; 0.658944; 0.6556314,Western Carolina University,/m/01chgb,0.58616304,,,,"Weird
QUEEN
BLACK COAST
A TALE OF MYSTERY, FANTASY, INTRIGUE
BY ROBERT E. HOWARD
OF THE
Tales
MAY
25-
ANTHONY RUD ● CARL JACOBI
C. L. MOORE
A. W. BERNAL",Queen of the Black Coast; Conan the Barbarian; Beyond the Black River; Conan of Cimmeria; Black Colossus; Bêlit; Pulp magazine; Conan; The Black Stranger; Narrative,/m/06_b7d; /m/01z02; /m/06_bbm; /m/0gs0n1; /m/06_dgh; /m/026k65l; /m/05qr3; /m/0275sxk; /m/06_dxq; /m/01lyjl,1.173; 1.05855; 1.00695; 0.87255; 0.85740006; 0.7132; 0.6844; 0.6759; 0.66915; 0.5634,conan queen of the black coast,https://obailedosenxutos.files.wordpress.com/2012/03/02_1934_05_wt_brundage.jpg ; http://1.bp.blogspot.com/-5uGgNVNWepg/TaT3vXsFxmI/AAAAAAABQt0/-ddZ6HWAQNM/s1600/02_1934_05_wt_brundage.jpg ; https://fontfolly.files.wordpress.com/2020/08/weird-tales-cover-1934-05.jpg ; https://i.redd.it/z1dx5tbd53361.jpg ; https://sci-fi-guys.com/wp-content/uploads/2022/03/Weird_Tales_1934-05_Queen_of_the_Black_Coast.jpg ; https://upload.wikimedia.org/wikipedia/commons/8/84/Weird_Tales_1934-05_-_Queen_of_the_Black_Coast.jpg ; https://miro.medium.com/v2/resize:fit:1400/1*Ad-irrp2INYdM39mdNb7wA.jpeg ; https://3.bp.blogspot.com/-geC6xQyuepU/UsVv_2SeflI/AAAAAAAAE58/zmgkOOohDds/s1600/Weird+Tales+Cover-1934-05.jpg ; https://www.blackgate.com/wp-content/uploads/2015/10/Weird-Tales-May-1934-Queen-of-the-Black-Coast.jpg ; https://3.bp.blogspot.com/-M6MIv1rDkeQ/WCNFj7AlTKI/AAAAAAAAIuE/gTisMvkN96YakfTfeE3K8Ta9UsPBTChPwCLcB/s1600/Weird%2BTales%2BCover-1934-05.jpg,https://en.wikipedia.org/wiki/Queen_of_the_Black_Coast ; https://conan.fandom.com/wiki/Queen_of_the_Black_Coast ; https://conan.fandom.com/wiki/B%C3%AAlit ; https://m.youtube.com/watch?v=NlEWYO1XHM4 ; https://www.youtube.com/watch?v=9Q-xg5KdKSA ; https://www.bookstldr.com/book/queen_of_the_black_coast ; http://www.gutenberg.org/ebooks/42183 ; https://rarepulps.com/products/weird-tales-may-1934-first-conan-cover-robert-howard ; https://en.wikisource.org/wiki/Queen_of_the_Black_Coast ; https://www.youtube.com/watch?v=WfS1UwPHbbQ,https://1.bp.blogspot.com/-6s8vE-aQuGc/UkmIWWkkpII/AAAAAAAAjD8/418HQkoI_Ag/s1600/1934-05+Weird+Tales+by+Margaret+Brundage.jpg ; https://www.legaliondesetoiles.com/photo/art/grande/71919016-50304441.jpg?v=1681903891 ; https://ds.static.rtbf.be/article/image/770xAuto/6/6/1/d9e74f47610385b11e295eec4c58d473-1656668033.jpg ; https://upload.wikimedia.org/wikipedia/commons/thumb/b/bc/Weird_Tales_May_1934.jpg/400px-Weird_Tales_May_1934.jpg ; https://ds.static.rtbf.be/article/image/370xAuto/6/6/1/d9e74f47610385b11e295eec4c58d473-1656668033.jpg ; https://media.cultureasy.com/wp-content/uploads/2022/01/cultureasy-litterature-fantasy-success-story-Weird-Tales-Howard-690x1024.jpg ; https://i0.wp.com/upload.wikimedia.org/wikipedia/commons/thumb/b/bc/Weird_Tales_May_1934.jpg/300px-Weird_Tales_May_1934.jpg ; https://assets.st-note.com/production/uploads/images/76457103/picture_pc_5dfebd85d53e7b2f06b2d4f9b90a8868.jpg?width=800 ; https://upload.wikimedia.org/wikipedia/commons/thumb/b/bc/Weird_Tales_May_1934.jpg/1280px-Weird_Tales_May_1934.jpg ; https://media-01.imu.nl/storage/shungagallery.com/2236/margaret-brundage-illustrator-weird-tales-539x800-1.jpg,"https://upload.wikimedia.org/wikipedia/commons/thumb/b/bc/Weird_Tales_May_1934.jpg/260px-Weird_Tales_May_1934.jpg ; https://www.lacasebooks.com/wp-content/uploads/2023/01/Queen-of-the-Black-Coast-Vintage-02-300x300.jpeg ; https://archive.org/services/img/conan_queenoftheblackcoast_pc_librivox/full/pct:500/0/default.jpg ; https://www.sffaudio.com/images07/queenoftheblackcoast500.jpg ; https://images-fe.ssl-images-amazon.com/images/I/71plLU1Q59L._AC_UL600_SR600,600_.jpg ; https://comicvine.gamespot.com/a/uploads/scale_small/7/71975/2400700-conan__5.jpg ; https://d1466nnw0ex81e.cloudfront.net/n_iv/600/5395483.jpg ; https://i.ebayimg.com/images/g/MHUAAOSw6zheQCA-/s-l1200.webp ; https://storage.googleapis.com/hipcomic/p/9f31363556b58fb5ed3f6e4241f5b9a7-800.jpg ; http://sonsofcorax.files.wordpress.com/2014/06/conan-phantoms-of-the-black-coast.jpg",
/Users/dna4/Downloads/Conan The Covers/items/8a3412a07c0a7464d14942db2b48348a.jpg,Local,8a3412a07c0a7464d14942db2b48348a.jpg,True,VeryUnlikely,VeryUnlikely,VeryUnlikely,Unlikely,VeryUnlikely,,,,,,,,,Book; Publication; Poster; Art; Book cover; Comic book; Action film; Illustration; Fictional character; Fiction,/m/0bt_c3; /m/01h1dd; /m/01n5jq; /m/0jjw; /m/09xbm8; /m/01vnb; /m/02kdv5l; /m/01kr8f; /m/02h7lkt; /m/02xlf,0.9281289; 0.88092726; 0.82820207; 0.7466403; 0.73203677; 0.7271323; 0.7013259; 0.70066744; 0.6601923; 0.65103924,Latin American Wings,/g/11bxfrq4dl,0.5796562,,,,"LANCER BOOKS 73-549 60¢ VOLUME TWO OF THE COMPLETE CONAN
ROBERT E. HOWARD edited by L. SPRAGUE DE CAMP
HEROIC FANTASY'S MIGHTIEST HERO
FIGHTS HIS MOST SAVAGE BATTLES
CONAN
THE WARRIOR",Art; Fantastic art; Illustration; iCanvas; Cover art; Artist; Painting; Poster; Artwork; Fantasy,/m/0jjw; /g/121p681q; /m/01kr8f; /g/11b86_8drd; /m/07c24q; /m/0n1h; /m/05qdh; /m/01n5jq; /m/07ppk6; /g/11fldtx0nc,0.7112; 0.7025; 0.7019; 0.6512; 0.6398; 0.6397; 0.6127; 0.5915; 0.5879; 0.5833,frank frazetta indomitable,https://blogger.googleusercontent.com/img/b/R29vZ2xl/AVvXsEhFxW5-i_WPX6UNhSDyO50G3mu9D0W7uY4OIjzxQU1OtZzwJhPIWsHhypPZcNGKZ2FDM3qCtRokxviFL7YNCfE0dx-xmiUVXyHVzV2oazSY8YDwBxDGQxSiaQ9naWuOg5YwlsUwfeCjN3X_SV7fhWpw938KnOTbI6bfQN7tTbm-cPo9q-A4PkdKBWkx93um/s16000/14352977157_1273cf946c_b.jpg ; https://live.staticflickr.com/3869/14352977157_1273cf946c_b.jpg ; https://live.staticflickr.com/3869/14352977157_1273cf946c_c.jpg,https://www.icanvas.com/canvas-print/indomitable-frf8 ; https://www.etsy.com/listing/1334341406/frank-frazetta-indomitable-fantasy-art ; https://www.etsy.com/hk-en/listing/1334341406/frank-frazetta-indomitable-fantasy-art ; https://www.etsy.com/il-en/listing/1334341406/frank-frazetta-indomitable-fantasy-art ; https://www.etsy.com/no-en/listing/1334341406/frank-frazetta-indomitable-fantasy-art ; http://frankfrazetta.net/Indomitable.html ; https://www.triadesegcert.com.br/?u=frank-frazetta-mothman-cryptid-science-fiction-fantasy-artwork-artist-qq-oRKwPkI9 ; https://bookpalace.com/acatalog/Frank_Frazetta_Art.html ; https://www.webmorcha.com/?q=frank-frazetta-3000-ad-fantasy-art-1999-vintage-book-ee-5Dqpoyil ; https://www.frazettagirls.com/blogs/news/frank-frazetta-a-howard-artist-for-the-ages,"https://cdn.shopify.com/s/files/1/0894/8394/files/14352977157_203a28a7e5_o.jpg?v=1686947120 ; https://i.ebayimg.com/images/g/xWcAAOSwOZxjD8L9/s-l1200.webp ; https://pbs.twimg.com/media/FtNwnjNXgAMFbFP?format=png&name=small ; https://i.ebayimg.com/images/g/xWcAAOSwOZxjD8L9/s-l1600.jpg ; https://lookaside.instagram.com/seo/google_widget/crawler/?media_id=3088661632780065959 ; https://www.worldswithoutend.com/covers_md/ConanWar.jpg ; https://www.muddycolors.com/wp-content/uploads/2017/12/54441-conanwarriorlancer.jpg ; https://m.media-amazon.com/images/I/517KVof5TDL._AC_UF1000,1000_QL80_.jpg ; http://magnum-mania.com/images/reh_1.jpg ; https://images-na.ssl-images-amazon.com/images/I/517KVof5TDL._AC_UL600_SR600,600_.jpg",,
/Users/dna4/Downloads/Conan The Covers/items/fb68b3eab81744897b06a4dfd7a1c311.jpg,Local,fb68b3eab81744897b06a4dfd7a1c311.jpg,True,VeryUnlikely,Unlikely,VeryUnlikely,Unlikely,Possible,Unlikely,VeryUnlikely,VeryUnlikely,VeryUnlikely,VeryUnlikely,VeryUnlikely,VeryUnlikely,0.5546875,Muscle; Entertainment; Thigh; Chest; Performing arts; Hat; Event; Navel; Art; Font,/m/04_fs; /m/02jjt; /m/01j04m; /m/0dzdr; /m/05qjc; /m/02dl1y; /m/081pkj; /m/01hnnm; /m/0jjw; /m/03gq5hm,0.9161876; 0.83400154; 0.8045312; 0.7511618; 0.71352714; 0.7081953; 0.7046921; 0.7026022; 0.70025873; 0.691382,,,,,,,"""...and lo, a mighty warrior
shall come from the frozen
wastelands of the north,
and he will stand alone
against the forces of
darkness...""
The Book of Death
SPECTRUM
DADDADIANT
DANN
49 3000
COMMODORE 64
JARO ARIAL
Blumen
AMSTRAD
RARBARIAN
Fre
ONL
PALACE SOFTWARE
5013518 010558",back; front; Commodore 64; Barbarian: The Ultimate Warrior; succeeding; Death Sword; inner; Album cover; Muscle; Kun Khmer,/g/11sh29wrc9; /g/11sh1g9y8w; /m/0228q; /m/04fnvv; /g/11spgy0dz3; /g/11trgxczbb; /g/11s5cxxmnn; /m/067408; /m/04_fs; /m/04943c,0.6339; 0.6148; 0.478; 0.4746; 0.4465; 0.4337; 0.3695; 0.3694624; 0.3622521; 0.33239776,muscle,https://cdn.mobygames.com/covers/2764547-death-sword-commodore-64-back-cover.jpg,https://www.mobygames.com/game/1033/death-sword/cover/group-149031/cover-421560/,,https://pbs.twimg.com/media/CBl7YvLUkAIsmxp.jpg ; http://gallery.rxmuscle.com/newgallery/DSC_1597_MHHNVOMSZR.jpg ; https://lookaside.fbsbx.com/lookaside/crawler/media/?media_id=10152047365270370 ; http://gallery.rxmuscle.com/newgallery/DSC_8182_NEKGZLZSQF.jpg ; http://gallery.rxmuscle.com/newgallery/A%20(184)_PMCLJNWYCW.jpg ; https://contests.npcnewsonline.com/images/contests/2274/large/11366798.jpg ; https://contests.npcnewsonline.com/images/contests/1734/large/8665368.jpg ; http://gallery.rxmuscle.com/newgallery/DSC_0064_EMOMPPPNXH.JPG ; http://gallery.rxmuscle.com/newgallery/DSC_0549_VLBAXFEYVB.jpg ; http://gallery.rxmuscle.com/newgallery/DSC_8616_MPDORDLMGS.jpg,
/Users/dna4/Downloads/Conan The Covers/items/32721d0750f9e2f377a5ff9ead56aa40.jpg,Local,32721d0750f9e2f377a5ff9ead56aa40.jpg,True,Unlikely,VeryUnlikely,Unlikely,Unlikely,Likely,VeryUnlikely,VeryUnlikely,VeryUnlikely,VeryUnlikely,VeryUnlikely,VeryUnlikely,VeryLikely,0.60546875,Poster; Advertising; Chest; Event; Flesh; Navel; Action film; Sword; Abdomen; Font,/m/01n5jq; /m/011s0; /m/0dzdr; /m/081pkj; /m/02p16m6; /m/01hnnm; /m/02kdv5l; /m/06y5r; /m/08y7p8; /m/03gq5hm,0.8409179; 0.7034733; 0.66173977; 0.6388644; 0.61903197; 0.5662046; 0.54776746; 0.52027255; 0.5188855; 0.50620264,,,,,,,"THE MOST POWERFUL LEGEND OFALL
IS BACK IN A NEW ADVENTURE.
SCH
FALSE
Somewhere, deep inside the
mysterious Phantom City lies the
fiery Temple of Jade. Concealed
within its ancient chambers
is the supreme instrument
of life and death...
The mystic Hom of Dagoth.
Only one man-Conan-
has the power to recover it.
But first, Conan and his band
of warriors must battle
hostile armies, cross
treacherous kingdoms.
and challenge the sorcery
of an evil queen.
It is Conan's greatest
challenge. For if he cannot
capture the lor in time...
the world will be plunged
into eternal darkness.
CONANT
DESTROYER
DINO DE LAURENTIIS
EDWARD R. PRESSMAN.
ARNOLD SCHWARZENEGGER
RICHARD FLEISCHER CONAN THE DESTROYER
GRACE JONES WILT CHAMBERLAIN MAKO TRACEY WALTER OLIVIA D'ABO
SARAH DOUGLAS STANLEY MANN ROY THOMAS & GERRY CONWAY
BASIL POLEDOURIS
JACK CARDIFF CARLO RAMBALDI STEPHEN KESTEN
RAFFAELLA DE LAURENTIIS RICHARD FLEISCHER PO
AUSTRALIA | DALLA SALLYDERING DITERIO",Conan the Destroyer; Arnold Schwarzenegger; Princess Jehnna; Queen Taramis; Conan the Destroyer; Action; ; Sword and sorcery; Conan the Barbarian; John Milius,/m/03_8cd; /m/0tc7; /m/0jvnz73; /m/0bh91p7; /m/01l6g4b; /m/02kdv5l; /t/25d_lq148t61; /m/0dz8b; /m/09csq1; /m/01wyy_,1.6473601; 1.06365; 0.72555; 0.71565; 0.6319; 0.5339; 0.5339; 0.5186; 0.11941051; 0.088485,conan 1984,https://cdn.hobbyconsolas.com/sites/navi.axelspringer.es/public/media/image/2016/06/607554-conan-destructor-critica-secuela-arnold-schwarzenegger.jpg?tf=3840x ; https://p0.meituan.net/movie/580476ef5be7cdbc3a6967d048bc7a0361523.jpg@1500w_80q ; https://www.themoviedb.org/t/p/original/5XN4WRR0mkuRpS9e9NbYxF8hQcO.jpg ; https://www.oliviadabo.net/wp-content/uploads/2013/07/olivia-dabo-conan-the-destroyer.jpg ; https://www.kobis.or.kr/upload/up_img/cleansing/x00/00/60/mov_19860104_36405.jpg ; http://see-aych.com/wp-content/uploads/2017/01/conan-the-destroyer-1984-movie-poster.jpg ; http://images.fan-de-cinema.com/affiches/large/c6/22248.jpg ; https://static.bia2movies.com/images/titles/Q/Q5bgL.jpg ; https://static.kinoafisha.info/k/movie_posters/1080x1920/upload/movie_posters/6/5/4/4070456/1e5699e3bfaf6255c271738d162f161b.jpg ; https://moviethai.com/wp-content/uploads/2020/12/5fe3fb8de70ee,https://en.wikipedia.org/wiki/Conan_the_Destroyer ; https://conan.fandom.com/wiki/Conan_the_Destroyer ; https://www.metacritic.com/movie/conan-the-destroyer ; https://www.escapeauthority.com/review-221b-baker-street/review-221b-baker-street/ss2855892-arnold-schwarzenegger-conan-the-destroyer-movie-photo-pp-mqkRpdCA ; https://www.moviehousememories.com/conan-the-destroyer-1984-film-summary/ ; https://www.mvz-scharnweberstrasse.de/anfahrt/?k=arnold-schwarzenegger-in-conan-the-destroyer-by-album-zz-Q70nnpTa ; https://www.mvz-scharnweberstrasse.de/anfahrt/?k=conan-the-destroyer-original-motion-picture-soundtrack-%E2%80%93-vintage-zz-BXjkk1S1 ; https://www.mvz-scharnweberstrasse.de/anfahrt/?k=watch-now-conan-the-destroyer-in-hd-gruv-digital-zz-amp66KU3 ; https://tvtropes.org/pmwiki/pmwiki.php/Film/ConanTheDestroyer ; https://www.mvz-scharnweberstrasse.de/anfahrt/?k=conan-the-destroyer-original-motion-picture-soundtrack-composed-and-zz-ONa6qKhK,,https://images.static-bluray.com/products/20/5643_1_front.jpg ; https://www.aveleyman.com/Gallery/2017/Misc/92d2d57e-ad8c-4da4-805c-c5369321d756.jpg ; https://cdn.imago-images.com/bild/st/0097891152/s.jpg ; https://external-preview.redd.it/fadXxL5kCWA8zOxJq-VxW1xZy998naeCiIoZedhFm2M.jpg?auto=webp&s=b9a6d317e5020bdc83c30abdd41cd203e31c09a3 ; https://www.etriggerz.com/cdn/shop/products/CB10100_grande.jpeg?v=1389242017 ; https://vhscollector.com/sites/default/files/vhsimages/30854_Conan%2520cover.jpg ; https://cdn11.bigcommerce.com/s-yzgoj/images/stencil/500x659/products/2858710/5941487/MOVCD8913__93510.1679587562.jpg?c=2 ; https://dyn1.heritagestatic.com/lf?set=path%5B5%2F6%2F2%2F4%2F5624645%5D&call=url%5Bfile%3Aproduct.chain%5D ; https://images.fandango.com/ImageRenderer/820/0/redesign/static/img/default_poster.png/0/images/masterrepository/fandango/184427/Conan-the-destroyer.jpg ; http://cdn.shopify.com/s/files/1/0037/8008/3782/products/IMG_8071.jpg?v=1655911029,
/Users/dna4/Downloads/Conan The Covers/items/e78c0c2f7b92eb1814766479f7c993ef.jpg,Local,e78c0c2f7b92eb1814766479f7c993ef.jpg,True,Unlikely,VeryUnlikely,Unlikely,Unlikely,VeryLikely,VeryUnlikely,VeryUnlikely,VeryUnlikely,VeryUnlikely,VeryUnlikely,VeryUnlikely,VeryLikely,0.90625,Poster; Publication; Book cover; Movie; Fictional character; Advertising; Fiction; Action film; Illustration; Comic book,/m/01n5jq; /m/01h1dd; /m/09xbm8; /m/02vxn; /m/02h7lkt; /m/011s0; /m/02xlf; /m/02kdv5l; /m/01kr8f; /m/01vnb,0.8712572; 0.82075286; 0.72114486; 0.7016633; 0.6999103; 0.66231585; 0.6563182; 0.6562112; 0.64342254; 0.5985538,,,,,,,"BARBARIAN T
THE DUNGEON OF DRAX
PALACE",Atari ST; Barbarian II: The Dungeon of Drax; Epyx; Amstrad; Amstrad CPC; ; BBC Micro; Album cover; Poster; MSX,/m/0x35; /m/05pc56n; /m/0393wp; /m/09pc6; /m/0xkl; /t/24256v6f9wp57; /m/01dc5; /m/067408; /m/01n5jq; /m/014hgy,0.5635; 0.52275; 0.4898; 0.4266; 0.4261; 0.4191; 0.4191; 0.38794127; 0.36562997; 0.3505,poster,https://archive.org/download/Axe_of_Rage_1988_Epyx/00cover_itemimage.jpg ; https://archive.org/services/img/Axe_of_Rage_1988_Epyx,https://archive.org/details/Axe_of_Rage_1988_Epyx,,https://i.ebayimg.com/images/g/1MgAAOSwQw1jQ2Bx/s-l1600.jpg ; https://m.media-amazon.com/images/M/MV5BNWRkY2EzZGItZTQ1Mi00MGFiLWJmYzgtNWM3MjY0NDk0N2FmXkEyXkFqcGdeQXVyMTk3ODUzNg@@._V1_FMjpg_UX1000_.jpg ; https://i0.wp.com/www.darkentriesrecords.com/darkentries/wp-content/uploads/2022/12/IMG_2503-scaled-1.jpg?fit=900%2C1200&ssl=1 ; https://m.media-amazon.com/images/M/MV5BZmU1YTk0NGYtNWIyMy00YTE1LWFjM2YtM2E2MzAyYThiODM0XkEyXkFqcGdeQXVyNTM3MDMyMDQ@._V1_FMjpg_UX1000_.jpg ; https://media-cache.cinematerial.com/p/500x/axyl5x7o/aftershock-chilean-movie-poster.jpg?v=1461868844 ; https://media-cache.cinematerial.com/p/500x/rzcwnihk/missing-in-action-german-movie-poster.jpg?v=1483043925 ; https://media-cache.cinematerial.com/p/500x/hndgus2u/graghanam-indian-movie-poster.jpg?v=1506006703 ; http://www.aestheticwalldecor.com/cdn/shop/files/rambo-first-blood-classic-movie-poster-aesthetic-wall-decor.jpg?v=1692555172 ; https://cdn.shopify.com/s/files/1/1057/4964/products/Blade-Runner-Vintage-Movie-Poster-Original-Insert-14x36_300x@2x.jpg?v=1667538231 ; https://cdn.bollywoodmdb.com/fit-in/movies/largethumb/450x450/2013/guns-of-benaras/poster.jpg,
/Users/dna4/Downloads/Conan The Covers/items/3319ff73c36333bfd291abfeb92b4316.jpg,Local,3319ff73c36333bfd291abfeb92b4316.jpg,True,VeryUnlikely,VeryUnlikely,Unlikely,Unlikely,Unlikely,,,,,,,,,Organism; Poster; Art; Adaptation; Wood; Book; Illustration; Font; Visual arts; Drawing,/m/05nnm; /m/01n5jq; /m/0jjw; /m/03r_vp; /m/083vt; /m/0bt_c3; /m/01kr8f; /m/03gq5hm; /m/0p9xx; /m/02csf,0.8553221; 0.8335737; 0.81509745; 0.7945477; 0.78570914; 0.7812085; 0.71365273; 0.6837797; 0.6791005; 0.63272244,Concern Worldwide,/m/0gmy63,0.6841883,,,,"C
CONAN
THE BARBARIAN
2577
Coming Soon! A Major Motion Picture",Thulsa Doom; Poster; Illustration; Conan The Barbarian Poster; Image; Film poster; Kinorium; Conan the Barbarian; Conan the Barbarian; Robert E. Howard,/m/06_ktr; /m/01n5jq; /m/01kr8f; /g/11kqbnqx48; /m/0jg24; /m/0679ml; /g/11qnk8wkfb; /m/09csq1; /g/11b7zc0k99; /m/06hmd,1.05945; 0.91933024; 0.8175722; 0.7028; 0.6355; 0.5854; 0.5803; 0.1628385; 0.14868; 0.10581,conan the barbarian,https://images-s.kinorium.com/movie/poster/75775/w1500_50350938.jpg ; https://www.filmonpaper.com/wp-content/uploads/2015/11/ConanTheBarbarian_teaser_special_USA_FrankFrazetta-1.jpg ; https://www.filmonpaper.com/wp-content/uploads/2015/11/ConanTheBarbarian_teaser_special_USA_FrankFrazetta-1-500x812.jpg ; https://media.senscritique.com/media/000016054083/0/conan_le_barbare.jpg ; https://www.impawards.com/1982/posters/conan_the_barbarian_ver2.jpg ; https://i.ebayimg.com/images/g/7jYAAOSw1EFgGc03/s-l500.jpg ; https://grimdarkmagazine.com/wp-content/uploads/2020/10/ConanTheBarbarian_teaser_special_USA_FrankFrazetta-1-185x300.jpg ; https://d10ukrc8bht4o0.cloudfront.net/images/iva-img/fcfdbf2994355df4824dbac4a99b971a/source.jpg?width=160,https://www.grimdarkmagazine.com/robert-e-howard-godfather-of-grimdark/ ; https://www.filmonpaper.com/posters/conan-the-barbarian-teaser-usa/ ; https://en.kinorium.com/75775/gallery/poster/ ; https://www.everestaircool.com.au/conan-the-barbarian-movie-poster-ee-14610870 ; https://www.alisonsutcliffe.com/http/rom.happyvalentinesday2020.online/Conan-The-Barbarian-2011-Poster-3a4e.html ; https://www.videodetective.com/movie/conan-the-barbarian-20078 ; https://hotcore.info/babki/conan-the-barbarian-2011-poster.htm ; https://hotcore.info/babki/conan-the-barbarian-movie-poster-1982.html ; https://www.filmonpaper.com/page/31/ ; https://mail.napmexico.com.mx/shweshwe-pants-for-ladies/argo-movie-print-argo-movie-wall-arthome-decorgift-pp-9778747,,https://i.etsystatic.com/21812142/r/il/7d6ad6/4628006176/il_fullxfull.4628006176_hv30.jpg ; https://www.lulu-berlu.com/upload/image/conan-the-barbarian--preview----movie-poster-56x90cm---universal-pictures-1982-p-image-429584-grande.jpg ; https://professormortis.files.wordpress.com/2010/11/conan-the-barbarian-poster.jpg ; https://www.lulu-berlu.com/upload/image/conan-the-barbarian---mezco-one-12-collective-figure---conan-p-image-462250-grande.jpg ; https://cdna.artstation.com/p/marketplace/printed_product_covers/000/123/140/art_print_big/file.jpg?1652617896 ; https://karavansara.files.wordpress.com/2019/03/conan-the-barbarian-italian-key-art.jpg?w=640 ; https://assets.listia.com/photos/1955454/original.jpg?s=320x320m&sig=f88e9c2e8445407a&ts=1298081376 ; https://www.frazettagirls.com/cdn/shop/products/frazettagirls-art-print-fine-art-print-stretched-on-wooden-bar-16x20-conan-the-barbarian-print-28209480390.jpg?v=1532577368 ; https://czechpostergallery.com/cdn/shop/products/conan-barbarian-schwarzenegger-czech-poster.jpg?v=1639925848 ; https://www.comics-zone.com/984759-large_default/conan-barbarian-1-cvr-f-gist.jpg,
/Users/dna4/Downloads/Conan The Covers/items/78bda7c683ba47a09f17e82a32df5e5e.jpg,Local,78bda7c683ba47a09f17e82a32df5e5e.jpg,True,VeryUnlikely,VeryUnlikely,VeryUnlikely,Unlikely,Unlikely,VeryUnlikely,VeryUnlikely,VeryUnlikely,VeryUnlikely,VeryUnlikely,VeryUnlikely,VeryUnlikely,0.6875,Poster; Publication; Art; Book; Illustration; Book cover; Font; History; Painting; Fiction,/m/01n5jq; /m/01h1dd; /m/0jjw; /m/0bt_c3; /m/01kr8f; /m/09xbm8; /m/03gq5hm; /m/03g3w; /m/05qdh; /m/02xlf,0.8299314; 0.81799823; 0.78457785; 0.76367676; 0.7195153; 0.6971649; 0.67456234; 0.658143; 0.6236934; 0.6129,Connie's Pizza; Barovier & Toso,/m/0zm_fc2; /m/0gx_rgw,0.5960157; 0.55992764,,,,"ROBERT E. HOWARD'S
COMPLETE
CONAN
of Cimmeria
-VOLUME ONE-
(1932-1933)
Illustrated by
MARK SCHULTZ",The Coming of Conan the Cimmerian; Robert E. Howard; Conan of Cimmeria; Конан. Рожденный в битве: [пер. с англ.]; Conan the Barbarian; Book; Conan; Conan; Fiction; Sword and sorcery,/m/0fsrrd; /m/06hmd; /m/0gs0n1; /g/12bpw5pgl; /m/01z02; /m/0bt_c3; /m/0275sxk; /m/0gsj00; /m/02xlf; /m/0dz8b,1.10325; 1.0977; 1.0974; 1.0533; 0.71295; 0.7058; 0.7046; 0.6942; 0.5536; 0.5379,conan,,https://conan.fandom.com/wiki/Conan_of_Cimmeria:_Volume_One_(1932-1933) ; https://camelotbooks.com/robert-e.-howards-complete-conan-of-cimmeria-volume-one-1932-1933.html ; https://www.amazon.com/Howards-Complete-Cimmeria-1932-1933-Artists/dp/B000KP34GW ; https://theculturednerd.org/2020/10/netflix-is-developing-a-conan-the-barbarian-tv-series/ ; https://www.amazon.co.uk/Conan-Cimmeria-Vol-Timun-narrativa/dp/8448033906 ; https://camelotbooks.com/wandering-star ; https://www.amazon.in/Conan-cimmeria-Timun-mas-narrativa/dp/8448033906 ; https://www.amazon.com/Conan-cimmeria-Timun-narrativa-Spanish/dp/8448033906 ; https://www.amazon.com/-/es/Robert-Howard/dp/8448033906 ; https://www.amazon.com/-/es/Robert-HOWARD/dp/B000KP34GW,"https://theculturednerd.org/wp-content/uploads/2020/10/1A270709-A383-41BF-AF46-7723C3C9431D.jpeg ; https://m.media-amazon.com/images/I/413Ml2MQxqL._AC_UF350,350_QL80_.jpg ; https://camelotbooks.com/pub/media/catalog/product/cache/14f87ed86d8e39798718c5a144a280c0/c/o/conancimm1dj_4.jpg ; https://static.wikia.nocookie.net/conan/images/a/ad/Conan_of_Cimmeria_1_%28WS%29.jpg/revision/latest/scale-to-width-down/180?cb=20060304201435 ; https://pbs.twimg.com/media/FpQooDBX0AE-IQV.jpg ; https://m.media-amazon.com/images/I/81qh23nBSpL._AC_UF894,1000_QL80_.jpg ; https://i.pinimg.com/236x/46/87/d7/4687d79844fad3085c8a200f9eec5f6a--giant-snake-robert-e-howard.jpg ; https://data.fantlab.ru/images/editions/big/44401","https://upload.wikimedia.org/wikipedia/en/thumb/a/a8/ConanCimmerian.jpg/220px-ConanCimmerian.jpg ; https://upload.wikimedia.org/wikipedia/en/a/a8/ConanCimmerian.jpg ; https://static.wikia.nocookie.net/conan/images/7/72/Destroyer-large.jpg/revision/latest/scale-to-width-down/1200?cb=20150205044434 ; https://images-na.ssl-images-amazon.com/images/I/914yEQH3EZL._AC_UL600_SR600,600_.jpg ; https://images-na.ssl-images-amazon.com/images/I/41jjFV2N6CL._AC_UL600_SR600,600_.jpg ; https://upload.wikimedia.org/wikipedia/en/7/72/Conan_the_Rebel.jpg ; https://storage.googleapis.com/hipcomic/p/c9831c5e431e3b1a68efd9531eecc8ed-300.jpg ; https://i.ebayimg.com/images/g/I1oAAOSw6oVh2dRk/s-l1200.webp ; https://thumbs.worthpoint.com/zoom/images1/1/0618/18/mcfarlane-toys-conan-series-one-conan_1_dd05ef27eef30f96006fccd779e57d74.jpg ; https://m.media-amazon.com/images/I/511BLBOO8tL._AC_UF1000,1000_QL80_.jpg",
/Users/dna4/Downloads/Conan The Covers/items/6b071d746745785acc6dc760ab42c5b4.jpg,Local,6b071d746745785acc6dc760ab42c5b4.jpg,True,VeryUnlikely,VeryUnlikely,Unlikely,Possible,VeryUnlikely,,,,,,,,,Book; Publication; Font; Book cover; Art; Illustration; Fiction; History; Action film; Visual arts,/m/0bt_c3; /m/01h1dd; /m/03gq5hm; /m/09xbm8; /m/0jjw; /m/01kr8f; /m/02xlf; /m/03g3w; /m/02kdv5l; /m/0p9xx,0.91784704; 0.8656229; 0.75101626; 0.74225026; 0.7146157; 0.65210384; 0.6381971; 0.6333637; 0.54816043; 0.547351,University of Connecticut,/m/01jsn5,0.65596646,,,,"LANCER BOOKS 75181-095 95
AT LAST!
THE LONG-AWAITED NEW
CONAN NOVEL
BY L. SPRAGUE DE CAMP & LIN CARTER
CONAN
THE BUCCANEER",Conan the Buccaneer; Conan; Conan the Adventurer; Conan of Cimmeria; Conan the Barbarian; The Hour of the Dragon; Conan the Warrior; Conan the Freebooter; Book; Fantasy,/m/0gtnd3; /m/0gsj00; /m/0gsgjn; /m/0gs0n1; /m/01z02; /m/06_bbz; /m/0gs56y; /m/0gsgyk; /m/0bt_c3; /g/11fldtx0nc,1.12455; 1.0764; 1.05675; 0.9321; 0.87705; 0.78075004; 0.69810003; 0.67515004; 0.5916; 0.5828,conan the buccaneer,https://raggedclawsnetwork.files.wordpress.com/2010/11/frank-frazetta_conan-the-buccaneer.jpg ; https://raggedclawsnetwork.files.wordpress.com/2010/11/frank-frazetta_conan-the-buccaneer.jpg?w=600&h=1022 ; http://idata.over-blog.com/2/81/69/86/frazetta/affiches-cine/conan_the_buccaneer_2b.jpg ; https://spraguedecampfan.files.wordpress.com/2021/08/lancers_conan_bucanneer_front.jpg ; https://1.bp.blogspot.com/-PQJ9FyjVMpY/UvbSe1TGr2I/AAAAAAAAFY8/VRHB69gIqDY/s1600/Frazetta-Conan+the+Buccaneer.jpg,https://shadowferret.wordpress.com/2015/11/04/lancerace-conan-the-buccaneer-rereading-and-reminiscence/ ; https://spraguedecampfan.wordpress.com/tag/frank-frazetta/ ; https://spraguedecampfan.wordpress.com/tag/john-duillo/ ; https://tellersofweirdtales.blogspot.com/2014/02/conan-and-lancer-artists.html ; https://shadowferret.wordpress.com/tag/conan/ ; https://raggedclaws.com/tag/l-sprague-de-camp/ ; https://tellersofweirdtales.blogspot.com/2014/02/ ; https://raggedclaws.com/category/jeffrey-jones/book-covers-jones/page/4/ ; https://raggedclaws.com/2010/11/16/connections-frazetta-and-jones/ ; https://raggedclaws.com/tag/lin-carter/,,"https://voegelinview.com/wp-content/uploads/2021/04/Picture19.jpg ; https://pictures.abebooks.com/inventory/md/md30876844042.jpg ; http://3.bp.blogspot.com/-bA50nioqkV4/T08oqLwCj7I/AAAAAAAANNo/vX2FU9g7KtM/s1600/6637389839_534961ea0e_o.jpg ; https://m.media-amazon.com/images/I/51U8ULVlKsL._AC_UF1000,1000_QL80_.jpg ; https://pictures.abebooks.com/isbn/9780722147122-us-300.jpg ; https://images-na.ssl-images-amazon.com/images/S/compressed.photo.goodreads.com/books/1304006233i/1261885.jpg ; https://www.picclickimg.com/HqwAAOSwL7dhRwul/Conan-the-Buccaneer-By-L-Sprague-De-Camp.webp ; https://pictures.abebooks.com/inventory/22411072106.jpg ; https://images-fe.ssl-images-amazon.com/images/I/4103NUaQ8sL._AC_UL900_SR615,900_.jpg ; https://d3525k1ryd2155.cloudfront.net/f/853/115/9780441115853.OL.0.m.jpg",
/Users/dna4/Downloads/Conan The Covers/items/ec5cc7355b55deb58c9ff2efeb58b344.jpg,Local,ec5cc7355b55deb58c9ff2efeb58b344.jpg,True,Unlikely,VeryUnlikely,VeryUnlikely,Possible,Possible,,,,,,,,,Book; Publication; Poster; Font; Art; Book cover; Advertising; Illustration; Comic book; Fiction,/m/0bt_c3; /m/01h1dd; /m/01n5jq; /m/03gq5hm; /m/0jjw; /m/09xbm8; /m/011s0; /m/01kr8f; /m/01vnb; /m/02xlf,0.899824; 0.88661754; 0.8548015; 0.7811862; 0.7752908; 0.75402737; 0.720744; 0.67470735; 0.66722715; 0.6605138,Atria Convergence Technologies,/m/0w7p5rn,0.7022585,,,,"ACE
DOUBLE NOVEL
BOOKS
D-36
TWO COMPLETE NOVELS 35C
CONAN the
CONQUEROR
""A Must for Those
Who Revel in ...
Sorcery, Skulduggery,
and Swordplay""
-Astounding Science-Fiction
by
ROBERT E. HOWARD
Complete and Unabridged
(2",The Hour of the Dragon; T-shirt; Underwire bra; Underwear; Bralette; Bra size; Shirt; Bali; Bali; Lace,/m/06_bbz; /m/013s93; /m/05zng41; /m/09j1x; /g/11gy795bq2; /m/026n6cf; /m/01n4qj; /m/0f231t; /g/11cmp5xsz7; /m/0m95s,0.88695; 0.72015; 0.7095; 0.6258; 0.4887; 0.4419; 0.4233; 0.4224; 0.4148; 0.4006,poster,https://upload.wikimedia.org/wikipedia/commons/2/2e/Ace_double_D-36_1953_cover_%28one_side_of_tete_beche%29.jpg ; https://upload.wikimedia.org/wikipedia/commons/thumb/2/2e/Ace_double_D-36_1953_cover_%28one_side_of_tete_beche%29.jpg/1200px-Ace_double_D-36_1953_cover_%28one_side_of_tete_beche%29.jpg ; https://upload.wikimedia.org/wikipedia/commons/thumb/2/2e/Ace_double_D-36_1953_cover_%28one_side_of_tete_beche%29.jpg/800px-Ace_double_D-36_1953_cover_%28one_side_of_tete_beche%29.jpg ; https://upload.wikimedia.org/wikipedia/commons/thumb/2/2e/Ace_double_D-36_1953_cover_%28one_side_of_tete_beche%29.jpg/658px-Ace_double_D-36_1953_cover_%28one_side_of_tete_beche%29.jpg ; https://upload.wikimedia.org/wikipedia/commons/thumb/2/2e/Ace_double_D-36_1953_cover_%28one_side_of_tete_beche%29.jpg/640px-Ace_double_D-36_1953_cover_%28one_side_of_tete_beche%29.jpg ; https://upload.wikimedia.org/wikipedia/commons/thumb/2/2e/Ace_double_D-36_1953_cover_%28one_side_of_tete_beche%29.jpg/494px-Ace_double_D-36_1953_cover_%28one_side_of_tete_beche%29.jpg ; https://upload.wikimedia.org/wikipedia/commons/thumb/2/2e/Ace_double_D-36_1953_cover_%28one_side_of_tete_beche%29.jpg/309px-Ace_double_D-36_1953_cover_%28one_side_of_tete_beche%29.jpg ; https://upload.wikimedia.org/wikipedia/commons/thumb/2/2e/Ace_double_D-36_1953_cover_%28one_side_of_tete_beche%29.jpg/300px-Ace_double_D-36_1953_cover_%28one_side_of_tete_beche%29.jpg ; https://upload.wikimedia.org/wikipedia/commons/thumb/2/2e/Ace_double_D-36_1953_cover_%28one_side_of_tete_beche%29.jpg/170px-Ace_double_D-36_1953_cover_%28one_side_of_tete_beche%29.jpg ; https://upload.wikimedia.org/wikipedia/commons/thumb/2/2e/Ace_double_D-36_1953_cover_%28one_side_of_tete_beche%29.jpg/160px-Ace_double_D-36_1953_cover_%28one_side_of_tete_beche%29.jpg,https://en.wikipedia.org/wiki/The_Hour_of_the_Dragon ; https://www.wikiwand.com/en/The_Hour_of_the_Dragon ; http://www.gvmjind.com/Stars.aspx?iid=767144934-double+d+36&cid=165 ; https://commons.wikimedia.org/wiki/File:Ace_double_D-36_1953_cover_(one_side_of_tete_beche).jpg ; https://www.shtvms.com/jvww.aspx?iid=231629498-double+d+36&cid=64 ; https://www.shtvms.com/jvww.aspx?iid=231629513-double+d+36&cid=64 ; http://www.sayintabela.com/nossos.aspx?iid=231629526-double+d+36&cid=64 ; http://www.sayintabela.com/nossos.aspx?iid=231629516-double+d+36&cid=64 ; http://www.sayintabela.com/nossos.aspx?iid=231629498-double+d+36&cid=64 ; http://www.sayintabela.com/nossos.aspx?iid=231629533-double+d+36&cid=64,,http://timesofindia.indiatimes.com/photo/93792126.cms ; https://c8.alamy.com/comp/2K4TMWX/raiders-of-the-lost-ark-1981-raiders-of-the-lost-ark-movie-poster-indiana-jones-and-the-raiders-of-the-lost-ark-harrison-ford-2K4TMWX.jpg ; https://upload.wikimedia.org/wikipedia/en/e/e2/High_Plains_Drifter_poster.jpg ; https://upload.wikimedia.org/wikipedia/en/thumb/d/d7/LovetheDevil.jpg/220px-LovetheDevil.jpg ; https://upload.wikimedia.org/wikipedia/en/8/8d/Missing_in_action_%28film_poster%29.jpg ; https://m.media-amazon.com/images/M/MV5BMzlkODE4MWUtMjgxMC00YTk4LTllNGYtNzdmNTUyYWM3OTk5XkEyXkFqcGdeQXVyMTMxMTY0OTQ@._V1_FMjpg_UX1000_.jpg ; https://filmartgallery.com/cdn/shop/products/all-that-heaven-allows-vintage-movie-poster-original-3-sheet-41x81-7671_800x.progressive.jpg?v=1535849953 ; https://cdn.shopify.com/s/files/1/1057/4964/files/Pulp-Fiction-Vintage-Movie-Poster-Original-French-1-Panel-47x63_600x.jpg?v=1689656557 ; https://m.media-amazon.com/images/M/MV5BODdlYzU0ZGYtNWQ1YS00Nzk4LTllZTItZTEyNjkxMWI5ODk4L2ltYWdlXkEyXkFqcGdeQXVyNjE5MjUyOTM@._V1_FMjpg_UX1000_.jpg ; https://upload.wikimedia.org/wikipedia/en/thumb/c/c1/Sevens_Malayalam.jpg/220px-Sevens_Malayalam.jpg,
/Users/dna4/Downloads/Conan The Covers/items/48bc319630193e25a6916a804c022c5d.jpg,Local,48bc319630193e25a6916a804c022c5d.jpg,True,VeryUnlikely,VeryUnlikely,VeryUnlikely,Unlikely,Unlikely,,,,,,,,,Book; Publication; Font; Poster; Book cover; Art; Advertising; Illustration; Fiction; Fictional character,/m/0bt_c3; /m/01h1dd; /m/03gq5hm; /m/01n5jq; /m/09xbm8; /m/0jjw; /m/011s0; /m/01kr8f; /m/02xlf; /m/02h7lkt,0.8800824; 0.8600683; 0.78770024; 0.7523209; 0.69768995; 0.6836483; 0.6670882; 0.62504035; 0.62403506; 0.58917516,,,,,,,"""Howard's writing seems so highly charged with energy that it nearly gives off sparks.""
-STEPHEN KING
ROBERT E. HOWARD
THE COMING OF
CONAN
THE CIMMERIAN
LO
LAT
THE ORIGINAL ADVENTURES OF THE GREATEST
SWORD AND SORCERY HERO OF ALL TIME!
FULLY ILLUSTRATED THROUGHOUT",The Coming of Conan the Cimmerian; The Coming of Conan; Conan; Conan the Barbarian; The Hyborian Age; Book; Conan; Fiction; Sword and sorcery; Conan the Barbarian,/m/0fsrrd; /m/026shv0; /m/0gsj00; /m/026shwd; /m/06_d_v; /m/0bt_c3; /m/0275sxk; /m/02xlf; /m/0dz8b; /g/11gr6dzt23,1.4352; 1.0728; 0.97889996; 0.81075; 0.71955; 0.7103; 0.7073; 0.6461; 0.558; 0.5523,conan the cimmerian book,"https://m.media-amazon.com/images/W/IMAGERENDERING_521856-T1/images/I/914yEQH3EZL.jpg ; https://cdn.kobo.com/book-images/dae70c3a-819a-4f6a-be1a-bc2b2880335c/1200/1200/False/the-coming-of-conan-the-cimmerian.jpg ; https://pbs.twimg.com/media/Fx6VjkYaUAAiRqd.jpg:large ; https://1.bp.blogspot.com/-5xNhleQKWRA/XoFiTUaTWXI/AAAAAAAAVEM/m5O1D529ys4-Qx992cyFr-HJepPrw8lWACNcBGAsYHQ/s1600/conan%2B1.jpg ; https://cafans.b-cdn.net/images/Category_5328/subcat_28936/pqCPxmd4_2404191142501gpaiadd.png ; https://mblogthumb-phinf.pstatic.net/MjAyMDAzMjRfNzgg/MDAxNTg1MDI2NTYxOTM1.SKRnyBONqG-GpyceSmGhOz0nYa18yunGlF21pm7x1sMg.7ZOkASAIvsc-P8fSUEktEfHG1ewIpDKVCEUYqvZM0OEg.JPEG.gozara/The-Coming-of-Conan.jpg?type=w800 ; https://i0.wp.com/winsbooks.blog/wp-content/uploads/2021/08/914yEQH3EZL-1.jpg?resize=678%2C1024&ssl=1 ; https://cuevadelobo.com/wp-content/uploads/2022/08/The-Coming-of-Conan-the-Cimmerian-678x1024.jpg ; https://m.media-amazon.com/images/I/914yEQH3EZL._AC_UF1000,1000_QL80_.jpg ; https://m.media-amazon.com/images/I/914yEQH3EZL._AC_UF894,1000_QL80_.jpg",https://www.amazon.com/Coming-Conan-Cimmerian-Original-Adventures/dp/0345461517 ; https://www.goodreads.com/en/book/show/33482 ; https://www.penguinrandomhouse.com/books/83469/the-coming-of-conan-the-cimmerian-by-robert-e-howard/ ; https://www.amazon.com/Coming-Conan-Cimmerian-Barbarian-Book-ebook/dp/B000FBJE24 ; https://www.amazon.co.uk/Coming-Conan-Cimmerian-Cimmeria-Paperback/dp/0345461517 ; https://www.amazon.com.au/Coming-Conan-Cimmerian-Robert-Howard/dp/0345461517 ; https://www.amazon.com/Coming-Conan-Cimmerian-Publisher-Del/dp/B004V04KG0 ; https://www.thriftbooks.com/w/the-coming-of-conan-the-cimmerian_robert-e-howard/298030/ ; https://www.amazon.com/Conan-the-Barbarian/dp/B074CB1LWY ; https://www.barnesandnoble.com/w/coming-of-conan-the-cimmerian-robert-e-howard/1100293315,,https://pictures.abebooks.com/inventory/md/md31523582095.jpg ; https://pictures.abebooks.com/inventory/md/md31229891912.jpg ; https://m.media-amazon.com/images/I/51CGD8FSFQL.jpg ; https://cdn.kobo.com/book-images/48144369-4785-4206-a2e3-892b4a470970/353/569/90/False/the-weird-tales-of-conan-the-barbarian-1.jpg ; https://assets.onbuy.com/i19/product/50090ec3a606430680acd8bea81a2611-m9003841/the-coming-of-conan-the-cimmerian-book-one-conan-of-cimmeria-paperback.jpg ; https://static.wikia.nocookie.net/conanexiles_gamepedia/images/a/a9/Conan-le-Cimm.jpg/revision/latest?cb=20160505092048 ; https://upload.wikimedia.org/wikipedia/en/4/45/Conan_the_Liberator.jpg ; https://static.wikia.nocookie.net/conanexiles_gamepedia/images/2/23/Conan3.jpg/revision/latest/scale-to-width-down/230?cb=20160505091446 ; http://1.bp.blogspot.com/-WqtFzim5Jj4/VWaQV2x6-oI/AAAAAAAABuo/pXVk-fbQBGw/s1600/unnamed%2B%2528219%2529.jpg ; https://m.media-amazon.com/images/I/51CGD8FSFQL._CLa%7C575%2C475%7C51mGWG1PG0L.jpg%2C51O95TZh%2BuL.jpg%7C0%2C0%2C261%2C475%2B314%2C0%2C261%2C475%2B130%2C0%2C314%2C475__.jpg,
/Users/dna4/Downloads/Conan The Covers/items/3ae305e25de809c38dc78f0b67364e7a.jpg,Local,3ae305e25de809c38dc78f0b67364e7a.jpg,True,VeryUnlikely,VeryUnlikely,VeryUnlikely,Unlikely,Unlikely,,,,,,,,,Book; Publication; Art; Poster; Comic book; Book cover; Illustration; Fiction; Fictional character; Drawing,/m/0bt_c3; /m/01h1dd; /m/0jjw; /m/01n5jq; /m/01vnb; /m/09xbm8; /m/01kr8f; /m/02xlf; /m/02h7lkt; /m/02csf,0.9145886; 0.8942346; 0.8157452; 0.8148235; 0.7789972; 0.7587981; 0.7443833; 0.68582684; 0.66417634; 0.64558583,Tata Group; Conair Corporation,/m/014lk3; /m/0g_39y,0.6480677; 0.5919715,,,,"ROBERT E. HOWARD
L.SPRAGUE DE CAMP & LIN CARTER
CONAN
THE WANDERER
SPHERE",Conan the Wanderer; Black Tears; Conan; Book; Fiction; Amazon.com; Publishing; Short Story; Thongor; ,/m/0gt61w; /m/07kh9d8; /m/0gsj00; /m/0bt_c3; /m/02xlf; /m/0mgkg; /m/0hz28; /m/0707q; /m/05qc4qg; /t/22yby_pghzv4x,1.49985; 0.88740003; 0.83984995; 0.7224; 0.68581325; 0.63375; 0.5645; 0.5641; 0.4764; 0.4225,comic book,"https://lookaside.fbsbx.com/lookaside/crawler/media/?media_id=810366013869725 ; https://blogger.googleusercontent.com/img/b/R29vZ2xl/AVvXsEiL5CIbXaQbveh0P4EdbndDQYDqubPxbfxiprHSvgaWDm4OaRCJI6yn_-xnZjmKMQ_y0EztLGAZTvUafvjIHl9uXfoI3kT8HGuIMYhcsQUdkCnA8gtba-ZmLe2clkYIivY4X3fhaehcEWKP0QvbvKEnm0dkonODC9YpMptGUdCpQP0JIpHPwpQhp8Fy/s1024/Conan%20the%20Wanderer.jpg ; https://m.media-amazon.com/images/I/71xUcRRhBgL._AC_UF894,1000_QL80_.jpg",https://www.facebook.com/groups/328186723948549/ ; https://www.amazon.com/Conan-Wanderer-Robert-Howard/dp/0722146981 ; https://www.amazon.co.uk/Conan-Wanderer-Robert-Howard/dp/0722146981 ; https://www.amazon.ca/Conan-Wanderer-Robert-Howard/dp/0722146981 ; https://www.amazon.com.au/Conan-Wanderer-Robert-Howard/dp/0722146981 ; https://www.amazon.ae/Conan-Wanderer-Robert-Howard/dp/0722146981 ; https://www.amazon.in/Conan-Wanderer-Robert-Howard/dp/0722146981 ; https://www.amazon.nl/-/en/Robert-Howard/dp/0722146981 ; http://www.paperbackwarrior.com/2023/05/conan-black-tears.html ; https://hotcore.info/babki/Tears-In-The-Dark.html,,"https://m.media-amazon.com/images/I/51eWzB4SMLL._AC_UF1000,1000_QL80_.jpg ; https://digitalheroes.com/cdn/shop/products/STL047391_1000x1000.jpg?v=1605823158 ; https://i.pinimg.com/1200x/ec/df/ec/ecdfec388bdb69090683061e403dc782.jpg ; http://altimoncomics.myshopify.com/cdn/shop/products/IMG_20170514_0004_8e681206-e265-4b6b-882a-97b7612fcd18.jpg?v=1494886013 ; https://d1466nnw0ex81e.cloudfront.net/n_iv/600/6050683.jpg ; https://www.syfy.com/sites/syfy/files/styles/scale_1280/public/archie_july_3.jpg ; https://www.fourcolorcomics.com/sc/2076150?height=-1 ; https://static.wikia.nocookie.net/ec-comics-history/images/f/f8/Shock_SuspenStories_Vol_1_14.jpg/revision/latest/scale-to-width-down/300?cb=20170215165911 ; http://rockbandpatches.com/cdn/shop/products/iron_maiden_poster_flag_virtual_grande.jpeg?v=1434600791 ; https://upload.wikimedia.org/wikipedia/en/thumb/2/25/Yellowclaw1.jpg/220px-Yellowclaw1.jpg",
/Users/dna4/Downloads/Conan The Covers/items/87b0f31a8bdde97f1f861e4b61f30c05.jpg,Local,87b0f31a8bdde97f1f861e4b61f30c05.jpg,True,Unlikely,VeryUnlikely,Unlikely,Unlikely,Possible,VeryUnlikely,VeryUnlikely,VeryUnlikely,VeryUnlikely,VeryUnlikely,VeryUnlikely,VeryUnlikely,0.640625,Poster; Publication; Comic book; Movie; Book; Font; Book cover; Action film; Illustration; Fictional character,/m/01n5jq; /m/01h1dd; /m/01vnb; /m/02vxn; /m/0bt_c3; /m/03gq5hm; /m/09xbm8; /m/02kdv5l; /m/01kr8f; /m/02h7lkt,0.8667395; 0.8610309; 0.77603483; 0.77103406; 0.7692239; 0.76410127; 0.72108376; 0.7204777; 0.71259385; 0.70272,,,,,,,"ΕΛΒΒΑΒΙΑΝ
The Ultimate Warrior
COMMODORE CASSETTE 64/128",Barbarian: The Ultimate Warrior; Barbarian II: The Dungeon of Drax; Palace Software; ; Commodore 64; Fighting game; Amiga; ZX Spectrum; Atari 8-bit family; Retro Gamer,/m/04fnvv; /m/05pc56n; /m/05z4_9; /t/21vq7mhwrfsty; /m/0228q; /m/07yr3; /m/0vvw; /m/089b9; /m/0h12k; /m/06d176,1.6481851; 1.1634151; 0.7105; 0.6988; 0.688; 0.6705; 0.5784; 0.5772; 0.5147; 0.5116,barbarian der mächtigste krieger,,https://www.mobygames.com/game/1033/death-sword/reviews/ ; https://www.mobygames.com/game/1033/death-sword/specs/ ; https://www.mobygames.com/game/1033/death-sword/user-review/2680534/ ; https://www.mobygames.com/game/1033/death-sword/ ; https://gamefaqs.gamespot.com/sinclair/958232-barbarian-the-ultimate-warrior ; https://gamefaqs.gamespot.com/bbc/802071-barbarian-the-ultimate-warrior/boxes/120997 ; https://imgur.com/gallery/m44O2iD ; https://gamefaqs.gamespot.com/atari8bit/281318-death-sword/boxes/120997 ; https://gamefaqs.gamespot.com/cpc/940088-barbarian-the-ultimate-warrior/boxes/120997 ; https://www.imdb.com/title/tt12351028/,https://avatars.dzeninfra.ru/get-zen_doc/4599736/pub_603bb6b949b4e72890eed846_603bb6cf82fc21754dd37e63/scale_1200 ; https://gamefaqs.gamespot.com/a/box/3/0/6/26306_front.jpg ; http://3.bp.blogspot.com/-exStOXEHPpQ/VJ4plNDz3oI/AAAAAAAASSc/x50eR3uXKkw/s1600/26306_front.jpg ; https://gamefaqs.gamespot.com/a/box/3/0/6/26306_thumb.jpg ; https://i.postimg.cc/NLXz2xW7/Barbarian-1-The-Ultimate-Warrior-POSTER.jpg ; https://archive.org/services/img/Tenstar_Barbarian_Palace_Amiga ; http://openretro.org/image/785163734ef4b1662c9cef2d19d92bae6d8b8cde?w=200&h=266&t=lbcover ; https://wowroms-photos.com/emulators-roms-logo/7/35024/420-420/Barbarian+-+The+Ultimate+Warrior-image.jpg ; https://www.retrogamer.net/wp-content/uploads/2014/11/cover-art-608x630.png ; https://qph.cf2.quoracdn.net/main-qimg-7a44067923468916ac9ab5b2ecf4e388-lq,,
/Users/dna4/Downloads/Conan The Covers/items/7ad1a1299566840dac2e80ab0eb35ca5.jpg,Local,7ad1a1299566840dac2e80ab0eb35ca5.jpg,True,VeryUnlikely,VeryUnlikely,VeryUnlikely,Possible,Possible,,,,,,,,,Poster; Font; Illustration; Fictional character; Advertising; Event; Graphics; Graphic design; Fiction; Painting,/m/01n5jq; /m/03gq5hm; /m/01kr8f; /m/02h7lkt; /m/011s0; /m/081pkj; /m/021sdg; /m/03c31; /m/02xlf; /m/05qdh,0.8340781; 0.8209453; 0.68225205; 0.6755544; 0.6742694; 0.6633755; 0.65478384; 0.6123662; 0.6063886; 0.5830108,,,,,,,"THIEF
WARRIOR
GLADIATOR
KING
STARRING
Te
R.CASARO
ATT
CONAN
THE
BARBARIAN
DINO DE LAURENTIIS PRESENTS
EDWARD R. PRESSMAN PRODUCTION
ARNOLD SCHWARZENEGGER · JAMES EARL JONES
AN
""CONAN THE BARBARIAN""
SANDAHL BERGMAN • BEN DAVIDSON · CASSANDRA GAVIOLA • GERRY LOPEZ • MAKO
VALERIE QUENNESSEN · WILLIAM SMITH • MAX VON SYDOW King Orsic
As
MUSIC BY
IN
WRITTEN BY
JOHN MILIUS AND OLIVER STONE BASIL POLEDOURIS
ASSOCIATE PRODUCER
EXECUTIVE PRODUCERS
D. CONSTANTINE CONTE AND EDWARD R. PRESSMAN
BUZZ FEITSHANS AND RAFFAELLA DE LAURENTIIS JOHN MILIUS
PRODUCED BY
DIRECTED BY
EDWARD SUMMER
RELEASED BY
TWENTIETH CENTURY-FOX
R",Conan the Barbarian; Thulsa Doom; Film poster; Poster; Sword and sorcery; Conan the Barbarian; Conan the Barbarian; John Milius; Sandahl Bergman; John Buscema,/m/01z02; /m/06_ktr; /m/0679ml; /m/01n5jq; /m/0dz8b; /m/09csq1; /g/11b7zc0k99; /m/01wyy_; /m/07qg_7; /m/02x8mt,1.071; 1.0593; 0.6891; 0.5663; 0.5652; 0.16495052; 0.1491; 0.09942; 0.098864995; 0.092310004,conrad the barbarian,"https://www.themoviedb.org/t/p/original/cCqOkGAsuGPz0fvs7WW4mX43jxP.jpg ; https://www.themoviedb.org/t/p/original/adaWN0cWHcCiO1OnP4OXed1ah7n.jpg ; https://m.media-amazon.com/images/M/MV5BMWYwZGU1N2UtNTU5My00ZTVkLThjZDktZTQzZmEyMzZjMTdmXkEyXkFqcGdeQXVyMjUzOTY1NTc@._V1_.jpg ; https://cutewallpaper.org/28/conan-the-barbarian-hd-dual-monitor-wallpaper/2992526913.jpg ; https://external-preview.redd.it/conan-the-barbarian-extended-edition-1982-v0-6OiQ7VyzBGMet7a3ERBOiJvrzxSkc-POOGEbzGiTE_U.jpg?auto=webp&s=0888ba45f8886546f15307e1147b446ca8bb477d ; https://pbs.twimg.com/media/F2cesfBW4AAlIh-?format=jpg&name=large ; https://cdn11.bigcommerce.com/s-yzgoj/images/stencil/1280x1280/products/37088/4629946/api2ndwkg__07182.1625623183.jpg?c=2 ; https://pbs.twimg.com/media/F2cesfBW4AAlIh-.jpg ; https://m.media-amazon.com/images/M/MV5BMWYwZGU1N2UtNTU5My00ZTVkLThjZDktZTQzZmEyMzZjMTdmXkEyXkFqcGdeQXVyMjUzOTY1NTc@._V1_UY1200_CR82,0,630,1200_AL_.jpg ; https://www.all80smovies.com/wp-content/uploads/2017/06/Conan-The-Barbarian--678x1024.jpeg",https://www.imdb.com/title/tt0082198/ ; https://www.imdb.com/title/tt0082198/parentalguide ; https://www.imdb.com/title/tt0082198/characters/nm0000216 ; https://m.imdb.com/title/tt0082198/fullcredits/cast ; https://www.boxofficemojo.com/title/tt0082198/ ; https://www.reddit.com/r/iwatchedanoldmovie/comments/14znmok/conan_the_barbarian_extended_edition_1982/ ; https://www.boxofficemojo.com/release/rl4165633537/weekend/ ; https://www.reddit.com/r/ConanTheBarbarian/comments/15vrw4l/i_found_the_atlantean_cave_which_features_in/ ; https://www.reddit.com/r/comicbookcollecting/comments/15gekvh/conan_the_barbarian_people_of_the_black_circle/ ; https://www.boxofficemojo.com/title/tt0082198/credits/?ref_=bo_tt_tab,,"https://i.ebayimg.com/images/g/UHgAAOSwn01fOoAq/s-l400.jpg ; https://everydayshouldbetuesday.files.wordpress.com/2017/08/conan-the-barbarian-1982-movie-poster.jpg?w=400&h=622 ; https://hollywoodposters.com/wp-content/uploads/2022/11/ConanRoll.jpg ; https://ih1.redbubble.net/image.3154408262.7857/flat,750x,075,f-pad,750x1000,f8f8f8.jpg ; http://1.bp.blogspot.com/-w5D-pWOmxwo/U4y_DJp1ViI/AAAAAAAAAeE/1UZKJTJ7M_c/s1600/conan-the-barbarian-1982-poster.jpg ; https://wiki.bifff.net/wp-content/uploads/2021/09/CONAN-THE-BARBARIAN-BIFFF-1983.jpg ; https://www.filmonpaper.com/wp-content/uploads/2011/05/ConanTheBarbarian_B2_CasaroStyle_Japan_RenatoCasaro-1-500x700.jpg ; https://www.actionfigurefury.com/wp-content/uploads/2020/09/Conan-Poster.jpg ; https://images.fandango.com/ImageRenderer/500/0/redesign/static/img/default_poster.png/0/images/masterrepository/Fandango/184427/conan_the_barbarian.jpg ; https://images.fandango.com/ImageRenderer/500/0/redesign/static/img/default_poster.png/0/images/masterrepository/Fandango/98755/conan_lg.jpg",
/Users/dna4/Downloads/Conan The Covers/items/1e4ad332f4c6406dd07b7430cb81db38.jpg,Local,1e4ad332f4c6406dd07b7430cb81db38.jpg,True,VeryUnlikely,VeryUnlikely,VeryUnlikely,Unlikely,Likely,,,,,,,,,Art; Publication; Poster; Fictional character; Font; Advertising; Book cover; Fiction; Illustration; Book,/m/0jjw; /m/01h1dd; /m/01n5jq; /m/02h7lkt; /m/03gq5hm; /m/011s0; /m/09xbm8; /m/02xlf; /m/01kr8f; /m/0bt_c3,0.78951675; 0.77901274; 0.72220063; 0.6923524; 0.6781351; 0.675817; 0.6477581; 0.6332827; 0.62424016; 0.60069543,Link REIT,/m/04pzxy,0.55466694,,,,"Kopiowanie zabronione!
1993
Barbarian
LK AVALON
LK AVALON
ATARI XL/XE
XL/XE
ATARI
Barbarian",Album cover; Poster; Organism; Art; Text; Fiction; Album; Meter,/m/067408; /m/01n5jq; /m/05nnm; /m/0jjw; /m/07s6nbt; /m/02xlf; /m/02lx2r; /m/04sf9,0.44437087; 0.41598335; 0.38690847; 0.37387723; 0.35110125; 0.33991295; 0.3267; 0.2818,conan,,,,"https://i0.wp.com/www.sfcrowsnest.info/wp-content/uploads/2023/02/cbcomicbook-jpg.webp?fit=500%2C424&ssl=1 ; https://cdn.marvel.com/u/prod/marvel/i/mg/9/80/5d38b2c7a738b/clean.jpg ; https://cdn.marvel.com/u/prod/marvel/i/mg/3/20/5c37954cb2150/clean.jpg ; https://www.oklahoman.com/gcdn/authoring/2019/08/15/NOKL/ghnewsok-OK-5638699-1b34d5ef.jpeg?width=1200&disable=upscale&format=pjpg&auto=webp ; https://m.media-amazon.com/images/I/A1yIz+eKShL._AC_UF1000,1000_QL80_.jpg ; https://aiptcomics.com/wp-content/uploads/2019/04/conan-the-barbarian-5-cover.jpg ; https://theslingsandarrows.com/wp-content/uploads/2016/06/Conan-The-Horn-Of-Azoth-777x1024.jpg ; https://upload.wikimedia.org/wikipedia/en/9/96/Conan_the_Fearless.jpg ; https://cdn.cdkeys.com/700x700/media/catalog/product/c/o/conan-exile-isle-of-siptah-cdkeys.jpg ; https://mpd-biblio-covers.imgix.net/9781429969000.jpg?w=300",
/Users/dna4/Downloads/Conan The Covers/items/803437f55b28f69b25a25c96ce0b2231.jpg,Local,803437f55b28f69b25a25c96ce0b2231.jpg,True,VeryUnlikely,VeryUnlikely,VeryUnlikely,Unlikely,Possible,,,,,,,,,Toy; Poster; Illustration; Fictional character; Action film; Comic book; Conquistador; Publication; Mythology; Hero,/m/0138tl; /m/01n5jq; /m/01kr8f; /m/02h7lkt; /m/02kdv5l; /m/01vnb; /m/0jgcl; /m/01h1dd; /m/04zhd; /m/03kll,0.7670105; 0.7507615; 0.66843367; 0.64509135; 0.6409359; 0.63871187; 0.6198405; 0.6111825; 0.6087169; 0.6043373,Connie's Pizza,/m/0zm_fc2,0.58024096,,,,"IBM, Tandy & MS-DOS Compatibles
-640K Required
10 mhz Recommended
Hard Disk Recommended; Hard Disk Installable
Tandy, EGA, MCGA & VGA Graphics Required
Supports Roland, Ad-Lib, Soundblaster,
CMS, Covax, or Tandy 3-voice
Supports Keyboard, Joystick optional
Mouse Recommended
CONAN
The Cimmerian
15h
Vingin
GAMES",Conan the Cimmerian; Apple II; Conan: Hall of Volta; ; DOS; MobyGames; Conan the Barbarian; Personal computer; Official game; Game design,/m/0kypnh8; /m/0wxp; /m/0555xt; /t/21vq7mhwrfsty; /m/028lv; /m/02w8jz; /m/01z02; /m/0643t; /m/0fh0nz; /m/0107_t28,1.0794001; 0.9834; 0.79829997; 0.7138; 0.701; 0.5515; 0.54539996; 0.5424; 0.532; 0.5117,pc game,https://cdn.mobygames.com/covers/333825-conan-the-cimmerian-dos-front-cover.jpg,https://www.mobygames.com/game/6182/conan-the-cimmerian/ ; https://www.mobygames.com/game/6182/conan-the-cimmerian/reviews/dos/ ; https://www.mobygames.com/game/6182/conan-the-cimmerian/credits/dos/ ; https://www.mobygames.com/game/6182/conan-the-cimmerian/releases/ ; https://www.gestionestudiantil.com/conan-the-cimmerian-game,,"https://i.ebayimg.com/images/g/VGgAAOSwcoNfHMxn/s-l1600.jpg ; https://images.wolfgangsvault.com/m/xlarge/ZZZ063406-CX/marvel-comics-the-savage-sword-of-conan-the-barbarian-70-vintage-comic-1981.webp ; https://m.media-amazon.com/images/I/51DyqCYoeDL.jpg ; https://images-wixmp-ed30a86b8c4ca887773594c2.wixmp.com/f/9c9d1c60-e8ce-43bc-bf52-557200522bd9/dfblrf2-4501a9df-08e4-4d29-879a-a2ddd9d826c3.jpg/v1/fill/w_624,h_950,q_75,strp/the_animated_lone_ranger_poster___by_jonpinto_dfblrf2-fullview.jpg?token=eyJ0eXAiOiJKV1QiLCJhbGciOiJIUzI1NiJ9.eyJzdWIiOiJ1cm46YXBwOjdlMGQxODg5ODIyNjQzNzNhNWYwZDQxNWVhMGQyNmUwIiwiaXNzIjoidXJuOmFwcDo3ZTBkMTg4OTgyMjY0MzczYTVmMGQ0MTVlYTBkMjZlMCIsIm9iaiI6W1t7ImhlaWdodCI6Ijw9OTUwIiwicGF0aCI6IlwvZlwvOWM5ZDFjNjAtZThjZS00M2JjLWJmNTItNTU3MjAwNTIyYmQ5XC9kZmJscmYyLTQ1MDFhOWRmLTA4ZTQtNGQyOS04NzlhLWEyZGRkOWQ4MjZjMy5qcGciLCJ3aWR0aCI6Ijw9NjI0In1dXSwiYXVkIjpbInVybjpzZXJ2aWNlOmltYWdlLm9wZXJhdGlvbnMiXX0.AgrWVgKIYYc3yWrnKTlf_Xg2IMh5oY12oJy_pUXptAE ; https://m.media-amazon.com/images/I/81KH2HlZDfL._AC_UF1000,1000_QL80_.jpg ; https://media-cache.cinematerial.com/p/500x/clynnbpl/squirm-thai-movie-poster.jpg?v=1574380710 ; https://images.proxibid.com/AuctionImages/11509/188017/FILarge/IMG_4631.JPG ; https://i.ebayimg.com/images/g/bTMAAOSwLo1jcoJG/s-l1200.webp ; https://bigcomicpage.files.wordpress.com/2022/12/poison-ivy-7-1.jpg ; https://static.wikia.nocookie.net/marvel_dc/images/b/bb/Superman_Action_Comics_Hybrid.jpg/revision/latest?cb=20140723200038",
/Users/dna4/Downloads/Conan The Covers/items/a081f6b135d60c8ffacb6c24dd63ed20.jpg,Local,a081f6b135d60c8ffacb6c24dd63ed20.jpg,True,Unlikely,VeryUnlikely,VeryUnlikely,Possible,Likely,,,,,,,,,Publication; Book; Cartoon; Comic book; Poster; Art; Illustration; Fictional character; Comics; Fiction,/m/01h1dd; /m/0bt_c3; /m/0215n; /m/01vnb; /m/01n5jq; /m/0jjw; /m/01kr8f; /m/02h7lkt; /m/012h24; /m/02xlf,0.90387625; 0.8586787; 0.85442376; 0.81852835; 0.7777686; 0.759193; 0.71693856; 0.68335265; 0.66844994; 0.6482852,University of Connecticut,/m/01jsn5,0.63407624,,,,"CONAN THE
BARBARIAN
15 1
CC
OCT
MARVEL
COMICS
GROUP
SMITH
NEW! FIRST TIME IN COMIC BOOK FORM!
CONAN
THE BARBARIAN
B
16
000
KABE
APPROVED
BY THE
COMICS
CODE
W
AUTHORITY
TO THE
DEATH!
COMING OF CONAN!",Comics; Comic book; Conan the Barbarian; Superhero; ; Marvel Comics; Dark Horse Comics; Cartoon; Conan; Cartoonist,/m/012h24; /m/01vnb; /m/01z02; /m/0btmb; /t/2b4cym8s32gbj; /m/058j2; /m/01950l; /m/0215n; /m/0dmm8q; /m/06wkj0,1.105105; 0.9386755; 0.92685; 0.7326869; 0.7222; 0.7222; 0.6898; 0.6004137; 0.5991; 0.5694366,conan the barbarian comic,https://pbs.twimg.com/media/Fu_uJGzWAAID_xX?format=jpg&name=large ; https://lookaside.fbsbx.com/lookaside/crawler/media/?media_id=552274073593255 ; https://2.bp.blogspot.com/-BBImkWK2hvU/VqsdQ1gJ3yI/AAAAAAAAOwY/Iy_qTgkWaIY/s0-Ic42/RCO001.jpg ; http://2.bp.blogspot.com/-gsP503xaXDw/U7HpBR4moII/AAAAAAAAL1E/vfISs4W1O5Q/s1600/Conan001-00.jpg ; https://ia903201.us.archive.org/BookReader/BookReaderImages.php?zip=/14/items/conan-the-barbarian-1-24/Conan%20The%20Barbarian%20001_jp2.zip&file=Conan%20The%20Barbarian%20001_jp2/Conan%20The%20Barbarian%20001_0000.jp2&id=conan-the-barbarian-1-24&scale=1&rotate=0 ; https://i.redd.it/conan-the-barbarian-1970-barry-windsor-smith-and-john-v0-8prhpld6v58b1.jpg?width=934&format=pjpg&auto=webp&s=01799c10c718cb20870870f1d7e839092251eebf ; http://2.bp.blogspot.com/-df4RtZexBEs/TjArrWVG49I/AAAAAAAAGKY/a2YGSvrNQwI/s1600/Conan001-00.jpg ; https://archive.org/services/img/conan-the-barbarian-1-24,https://archive.org/details/conan-the-barbarian-1-24 ; https://twitter.com/Comrade_Bullski/status/1662614508676825088 ; https://www.zipcomic.com/conan-the-barbarian-1970-issue-1 ; https://onemillioncomics.com/conan-the-barbarian-1970-issue-1 ; https://www.deviantart.com/charlton22/art/Conan-the-Barbarian-October-1970-Marvel-Comic-880410081 ; https://viewcomiconline.com/conan-the-barbarian-1970-issue-1/ ; https://onemillioncomics.com/conan-the-barbarian-v1-001/ ; https://sogon.org/?gciqu4804995thseegtpa.htm ; https://www.reddit.com/r/ComicBookPagesNCovers/comments/14ksvdp/marvel_comics_presents_1991_69_sandy_plunkett_and/ ; https://www.reddit.com/r/theroom/comments/1570dxf/tommy_wiseau_and_nicolas_cage_in_barbenheimer/,,"https://www.crushingkrisis.com/assets/Conan-the-Barbarian-1970-0001-300x447.jpg ; https://m.media-amazon.com/images/I/61vdmA45B0L._AC_UF1000,1000_QL80_.jpg ; https://ids.si.edu/ids/deliveryService?id=NMAH-AHB2014q007384&max=1000 ; https://img.gocollect.com/eyJidWNrZXQiOiJnb2NvbGxlY3QuaW1hZ2VzLnB1YiIsImtleSI6ImY1Y2VhNWQ4LTNmZWUtNDBhZS1iNDQ5LWNiMTM3OTE2MmVjOC5qcGciLCJlZGl0cyI6eyJyZXNpemUiOnsid2lkdGgiOjYwMH19fQ== ; https://m.media-amazon.com/images/I/619zmz0Nr5L._AC_UF1000,1000_QL80_.jpg ; https://storage.googleapis.com/hipcomic/p/95895ba5b07c0b8776af993cac8388fe-800.jpg ; https://d1466nnw0ex81e.cloudfront.net/n_iv/600/2227568.jpg ; https://www.burningcomics.com/wp-content/uploads/2020/11/ConanBarbarian40-1589385761701.jpg ; https://img.gocollect.com/eyJidWNrZXQiOiJnb2NvbGxlY3QuaW1hZ2VzLnB1YiIsImtleSI6ImIyNGM4N2I0LTdiODgtNGQ1Zi1iMDA3LWQxODQxNDE0Mzc0Zi5qcGciLCJlZGl0cyI6eyJyZXNpemUiOnsid2lkdGgiOjYwMH19fQ== ; https://d1466nnw0ex81e.cloudfront.net/n_iv/600/1068797.jpg",
/Users/dna4/Downloads/Conan The Covers/items/908e2663f1caf9356757d1184f93b8d4.jpg,Local,908e2663f1caf9356757d1184f93b8d4.jpg,True,VeryUnlikely,VeryUnlikely,VeryUnlikely,Unlikely,VeryUnlikely,,,,,,,,,Book; Publication; Poster; Font; Book cover; Art; Landscape; Illustration; Fiction; Advertising,/m/0bt_c3; /m/01h1dd; /m/01n5jq; /m/03gq5hm; /m/09xbm8; /m/0jjw; /m/025s3q0; /m/01kr8f; /m/02xlf; /m/011s0,0.8919639; 0.860897; 0.81622523; 0.7435737; 0.72744864; 0.7031467; 0.63848746; 0.62905437; 0.624337; 0.5692538,White House Black Market,/m/02r3r61,0.5908743,,,,"""Stories such as 'The People of the Black Circle' glow with the fierce and
eldritch light of his frenzied intensity.""
-STEPHEN KING
ROBERT E. HOWARD
THE BLOODY CROWN OF
CONAN
THREE SWORD-AND-SORCERY ADVENTURES WRITTEN BY THE
MASTER HIMSELF, INCLUDING HOWARD'S ONLY CONAN NOVEL!
FULLY ILLUSTRATED BY GARY GIANNI
Copyrighted Material",The Bloody Crown of Conan; The Conquering Sword of Conan; Conan of Cimmeria; Conan the Barbarian; The Coming of Conan the Cimmerian; Conan; Book; Sword and sorcery; Conan the Barbarian; Fiction,/m/0ft6yt; /m/0ftb60; /m/0gs0n1; /m/01z02; /m/0fsrrd; /m/0275sxk; /m/0bt_c3; /m/0dz8b; /g/11gr6dzt23; /m/02xlf,1.1119499; 1.07175; 1.05885; 0.81824994; 0.7722; 0.7145; 0.702; 0.5808; 0.5646; 0.4945,book conan the barbarian,"https://cdn.kobo.com/book-images/d4b6a29a-3d4f-46fb-a36f-128ff1141ebd/1200/1200/False/the-bloody-crown-of-conan.jpg ; https://m.media-amazon.com/images/I/91az9dbJVEL._AC_UF894,1000_QL80_.jpg ; https://m.media-amazon.com/images/I/91az9dbJVEL._AC_UF1000,1000_QL80_.jpg ; https://img.thriftbooks.com/api/images/i/xl/E013E4E2EFC71A56906F156F4A8D3C3FE603258D.jpg ; https://m.media-amazon.com/images/I/317CAFFLg9L._AC_UF1000,1000_QL80_.jpg ; https://d1466nnw0ex81e.cloudfront.net/n_iv/600/4476516.jpg ; https://thebookmarkpr.com/cdn/shop/products/9780345461520_580x.jpg?v=1587937893 ; https://images.squarespace-cdn.com/content/v1/523dee8ee4b0c59776ef8c3a/1508426983209-RGVRIMABQPP8I5XPFAFL/bloody+crown+of+conan+howard.jpg?format=500w ; https://spraguedecampfan.files.wordpress.com/2022/03/21063._uy630_sr1200630_-2.jpg?w=418 ; https://spraguedecampfan.files.wordpress.com/2022/03/21063._uy630_sr1200630_-2.jpg",https://www.amazon.com/Bloody-Crown-Conan-Cimmeria-Book/dp/0345461525 ; https://www.penguinrandomhouse.com/series/A6Y/conan-the-barbarian ; https://www.amazon.com/Bloody-Crown-Conan-Barbarian-Book-ebook/dp/B000FC2MAY ; https://designottoboni.com.br/conan-the-barbarian-the-complete-collection-boxed-set-ebook-dd-85gJW8ug ; https://designottoboni.com.br/asos-uk-mens-summer-shirts/classics-club-book-5-conan-%E2%80%93-the-definitive-collection-dd-P1vd1Yua ; https://designottoboni.com.br/the-weird-tales-of-conan-the-barbarian-ebook-by-dd-rzRnzAtg ; https://grepsa.cl/conan-the-cruel-book-with-signed-plate-c-57150.html ; https://www.goodreads.com/book/show/21063.The_Bloody_Crown_of_Conan ; https://www.quora.com/Which-are-the-official-editions-of-Conan-the-Barbarian-only-Howards-stories-and-only-official-collections ; https://sanamtour.kz/?g=conan-the-barbarian-collected-adventures-illustrated-by-robert-howard-nn-z37ApQfG,,"https://cdn.kobo.com/book-images/dae70c3a-819a-4f6a-be1a-bc2b2880335c/1200/1200/False/the-coming-of-conan-the-cimmerian.jpg ; https://pictures.abebooks.com/isbn/9780739449714-us.jpg ; https://cdn.kobo.com/book-images/48144369-4785-4206-a2e3-892b4a470970/353/569/90/False/the-weird-tales-of-conan-the-barbarian-1.jpg ; https://images-na.ssl-images-amazon.com/images/I/51CGD8FSFQL._AC_UL600_SR600,600_.jpg ; https://m.media-amazon.com/images/I/81MoomxPd3L._AC_UF1000,1000_QL80_.jpg ; https://thumbs.worthpoint.com/zoom/images2/1/0418/05/conan-barbarian-vintage-11-book-lot_1_acda10918b0dba4aa1bacd42cc33b793.jpg ; https://img.thriftbooks.com/api/images/m/42ec2aa5d8541cc5b9426b78bc8293c6c06e96d0.jpg ; https://i.ebayimg.com/images/g/xJ0AAOSwBYtedmFs/s-l1200.webp ; https://spraguedecampfan.files.wordpress.com/2021/10/51jg4pqkdcl._sx291_bo1204203200_.jpg ; https://i.pinimg.com/1200x/ae/b3/a3/aeb3a32b8dcda771b47a1f920b70b2cc.jpg",
/Users/dna4/Downloads/Conan The Covers/items/e02bcede3edc1fc73c8f9742733cc73c.jpg,Local,e02bcede3edc1fc73c8f9742733cc73c.jpg,True,VeryUnlikely,Unlikely,Unlikely,Unlikely,Unlikely,,,,,,,,,Font; Poster; Advertising; Art; Rectangle; Logo; Graphics; Publication; Illustration; Vintage advertisement,/m/03gq5hm; /m/01n5jq; /m/011s0; /m/0jjw; /m/0j62f; /m/0dwx7; /m/021sdg; /m/01h1dd; /m/01kr8f; /m/0h8my9s,0.83409214; 0.82517475; 0.69913876; 0.6300428; 0.58681536; 0.5472868; 0.5444777; 0.52604455; 0.5037732; 0.5007503,Canva,/m/012hn2w6,0.5577009,,,,"Conan
the
conqueror
Science fantasy by
ROBERT E. howard",Poster; Font; Cartoon; Line; Text; Art; Orange; Recreation; Meter; Song,/m/01n5jq; /m/03gq5hm; /m/0215n; /m/03scnj; /m/07s6nbt; /m/0jjw; /m/0jc_p; /m/06bm2; /m/04sf9; /m/074ft,0.46564803; 0.43775252; 0.41607708; 0.39775965; 0.36204168; 0.35952574; 0.3389124; 0.33462352; 0.2812; 0.2636,songs,,,,"https://cdn.waterstones.com/bookjackets/large/9781/8543/9781854377296.jpg ; https://m.media-amazon.com/images/I/61QINixy8zL._UF1000,1000_QL80_.jpg ; https://m.media-amazon.com/images/I/51jcJ7W1n8L._UXNaN_FMjpg_QL85_.jpg ; https://m.media-amazon.com/images/I/61Iku+14VDL._AC_UF1000,1000_QL80_.jpg ; https://d1ldy8a769gy68.cloudfront.net/300/978/006/294/293/7/9780062942937.jpg ; https://www.austinbestdjs.com/wp-content/uploads/2019/08/60-wedding-reception-songs.jpg ; https://uhpress.hawaii.edu/wp-content/uploads/2023/08/9780870222191.jpg ; https://wazaelimu.com/wp-content/uploads/2023/04/lawino.jpg ; https://f4.bcbits.com/img/a0085148954_65 ; https://drinkinggames.eu/wp-content/uploads/2021/04/top-10-music-drinking-game-songs-1.png",
